{"type": "FeatureCollection", "features": [{"type": "Feature", "properties": {"name": "Vienna study area (reconstructed v3)", "base_buffer_m": 15.0, "corridor_width_m": 20.0, "margin_in_m": 40.0}, "geometry": {"type": "Polygon", "coordinates": [[[16.299516088683518, 48.11942259658705], [16.299427973257796, 48.11938405528675], [16.2993277, 48.1193710700199], [16.29924648562092, 48.11937947787821], [16.29915670080583, 48.11941213923406], [16.299101867614223, 48.1194532219061], [16.29906333167078, 48.11951670231192], [16.29906333167078, 48.11958729768808], [16.299091461067984, 48.11963912391606], [16.30249482241892, 48.12298285821277], [16.301644942641882, 48.12357121996605], [16.30068739213557, 48.12440287343156], [16.300538207752137, 48.12449902228374], [16.30027118266432, 48.12462808207439], [16.299408137654734, 48.1249513792017], [16.29848031181203, 48.12519707008871], [16.29837620363747, 48.125259340855784], [16.298356926260738, 48.125352042446885], [16.298567054845638, 48.12567928152964], [16.298587399863727, 48.12580328525559], [16.2985947378024, 48.12587493806854], [16.29852755901865, 48.125963178799125], [16.298503444071947, 48.12609326683561], [16.2986019458705, 48.126294896638505], [16.298613558222772, 48.126597650641074], [16.29858948200611, 48.126743267166276], [16.298528829030477, 48.12692041123262], [16.298247155836197, 48.12712815883065], [16.298206020302406, 48.127174985588965], [16.29812439196596, 48.12757460176572], [16.297836475037585, 48.12799673436047], [16.29767135329959, 48.12834860084134], [16.297606323478604, 48.12861088437657], [16.297585393050344, 48.12887945561955], [16.29762793018426, 48.129372565128286], [16.291544286884196, 48.13019459104619], [16.291407595768703, 48.130170889000226], [16.291157028712814, 48.130202707305], [16.29111223659623, 48.13006165957035], [16.291061952626098, 48.12999965567614], [16.29095614873293, 48.12994781918334], [16.290802313869772, 48.12993804653874], [16.29066430105642, 48.12998756318416], [16.290596369643566, 48.13006430108421], [16.29058685968114, 48.130134607264615], [16.290642287057203, 48.13031876789909], [16.28998321900942, 48.130408890142576], [16.289905689729363, 48.130392882674265], [16.289802586721763, 48.13039614616971], [16.289694235003235, 48.1304175058708], [16.289608262929473, 48.130460162364386], [16.28862332602679, 48.1305948445473], [16.288529186130226, 48.13056904653873], [16.288424013869772, 48.13056904653873], [16.288326847370957, 48.130596062219595], [16.28825303361462, 48.13064547905013], [16.287816582941733, 48.13070516016188], [16.28746401785534, 48.13072355407412], [16.285322661179862, 48.13049117700238], [16.285253509331646, 48.13047110239186], [16.28504498219395, 48.13033118001772], [16.284697088174052, 48.13013927633774], [16.284444115691656, 48.1300716708345], [16.28406712648226, 48.130008941836614], [16.28383505547013, 48.13002429179507], [16.28375350711491, 48.13005267219396], [16.280911848468993, 48.13167876641889], [16.28064410080583, 48.13180023923407], [16.28057557712161, 48.13185736918499], [16.280378842519063, 48.13187779221386], [16.279783715255597, 48.13189727338756], [16.278664715255598, 48.13200877338756], [16.278376605444937, 48.13205102670837], [16.277778550618475, 48.132169212128254], [16.277686934692476, 48.13215447074935], [16.27759315445874, 48.1321619608041], [16.27677713520363, 48.13241434975915], [16.276715394074394, 48.13244782752621], [16.27666392767195, 48.13250296029648], [16.275902742235097, 48.13273409836535], [16.274721887478535, 48.133172425683526], [16.274591751034723, 48.133209867174344], [16.274452922239405, 48.13318189778754], [16.274325320279818, 48.133201764289005], [16.27423983687903, 48.13324801923572], [16.27418534793945, 48.133323016401604], [16.27393892638035, 48.13338783649389], [16.27205902223494, 48.13360620748402], [16.27190150481053, 48.13358368116895], [16.271316362164125, 48.13365286177814], [16.271300380175713, 48.13359942173104], [16.27125517911923, 48.13355504297319], [16.271187851567404, 48.1335259285833], [16.271108964494772, 48.13351664802823], [16.270712522196202, 48.13354956912725], [16.268684631338026, 48.13364998223205], [16.268209907596056, 48.133630131516725], [16.267785634697915, 48.133566485860506], [16.267275881352578, 48.13345479516072], [16.265926686378783, 48.1328753111748], [16.265597626233397, 48.132771214427805], [16.265507922806965, 48.132716441873654], [16.264978647878166, 48.13253525100064], [16.26421997026303, 48.132306126805496], [16.264002291966083, 48.13222129959287], [16.263695460274256, 48.13205520107387], [16.2626746915328, 48.131431952082316], [16.262360722858066, 48.13103394888529], [16.261873359421116, 48.13073041885888], [16.261291952318224, 48.130535564036364], [16.260761018636973, 48.13029325609639], [16.26068370197773, 48.1302822137551], [16.26056990580821, 48.13029091551166], [16.260272365199686, 48.130220304229006], [16.260160103097025, 48.130164811030525], [16.25994039185942, 48.1299816767739], [16.2597144782758, 48.129877891668265], [16.259465235326395, 48.129861235102574], [16.259072597773567, 48.129931238732055], [16.25891572841472, 48.129935431181735], [16.258584874848307, 48.12982489528346], [16.257882040716826, 48.12979676924511], [16.25784677612186, 48.12971111322404], [16.257767313622317, 48.12961635919436], [16.25760943061237, 48.12953645052505], [16.257426530422205, 48.12950916235468], [16.25720436798564, 48.129495974403454], [16.256650402089875, 48.12958623338314], [16.256267163909595, 48.129563160969305], [16.25589288929286, 48.12961146910597], [16.254205522201197, 48.12991662637864], [16.25386557591864, 48.12990573325067], [16.25375809563233, 48.129756445856195], [16.253706380200516, 48.1297177863181], [16.253617787171976, 48.1296922434768], [16.25345935602498, 48.12969100677139], [16.253126560634634, 48.12980961426869], [16.253075593909525, 48.12984642513602], [16.25302095784459, 48.12993284907141], [16.25259189642761, 48.130106441091876], [16.251781762630895, 48.130339263698545], [16.251381300198236, 48.13052913297215], [16.25126333540142, 48.1305259732535], [16.251148012635213, 48.13057235581561], [16.250878872473955, 48.13062041023047], [16.25057383054225, 48.13072536838998], [16.250320833966416, 48.130832704521445], [16.25013622525843, 48.130879940618556], [16.24948243379397, 48.130863712410786], [16.24939555807506, 48.1308868371621], [16.249222127670567, 48.13098493273896], [16.248843891013298, 48.131031718264644], [16.248707282535864, 48.13090176233745], [16.248619003474968, 48.13087856418882], [16.248543011282113, 48.130881263608295], [16.24757941502988, 48.13104384684674], [16.2473928271678, 48.13116801208511], [16.247163427282313, 48.13128742492965], [16.24680149519918, 48.13117674437361], [16.24576013246467, 48.131125498289336], [16.24543127975701, 48.13107857223813], [16.24426233015401, 48.13104552223744], [16.24412663831336, 48.131000841798084], [16.24267083831336, 48.13079774179809], [16.24191417839015, 48.13072136774], [16.240026175453774, 48.130446411371665], [16.239225277041434, 48.13037198486986], [16.238913324368564, 48.130380768024395], [16.238671589588503, 48.1303489629462], [16.238399269268417, 48.13022380905877], [16.237986629336227, 48.13012792120618], [16.237461826003408, 48.13011700265263], [16.236908357040193, 48.12996390653911], [16.236582916496793, 48.129943327793676], [16.236135579186158, 48.12988265635346], [16.235868512617397, 48.12978696297456], [16.235705841672523, 48.12974844911495], [16.235361111296847, 48.129589448207206], [16.234736037892734, 48.129372623741325], [16.234513991456446, 48.12925550620985], [16.233907324029218, 48.129026824790756], [16.233589827098438, 48.12885899568708], [16.233112073617715, 48.12870580197638], [16.23288515187906, 48.128613284365784], [16.23264513400891, 48.1284421905219], [16.23230993400891, 48.128246590521904], [16.23208558533099, 48.12815974873785], [16.231758694251187, 48.127966396518794], [16.231543002107234, 48.12771667604442], [16.231314724457544, 48.127577083683576], [16.23121129006194, 48.12753109462989], [16.231078478945232, 48.12750353304637], [16.23068372504817, 48.12752102871868], [16.230633767239667, 48.12751136392266], [16.229301700916466, 48.127048425246656], [16.2286054841828, 48.12684895346117], [16.22764949069893, 48.12652021563779], [16.227162848346598, 48.12629181307634], [16.226993756891524, 48.12618401160713], [16.226584298558468, 48.12587347134928], [16.225398207458323, 48.12521797403671], [16.22422560550631, 48.12482278090745], [16.22386670287145, 48.124735200081346], [16.223684246079262, 48.12471869459189], [16.223501869500897, 48.124725493799424], [16.22222462304857, 48.124682100359614], [16.221850566650616, 48.124652852748994], [16.221286565717104, 48.1245832457442], [16.220922724547897, 48.12449877069849], [16.22027898017066, 48.12429955738543], [16.219367387539993, 48.12397794975069], [16.219074189436373, 48.12367915971307], [16.21895651416879, 48.123628909737235], [16.218818366103342, 48.12364176672651], [16.218369811768326, 48.123889308066296], [16.218168918850985, 48.12393952390884], [16.218034166103486, 48.123997372418835], [16.21796000371435, 48.124047945695004], [16.217783828734365, 48.1240741781694], [16.217517087232057, 48.124205924520865], [16.217358486118368, 48.12424390231014], [16.217032564159346, 48.12439695961531], [16.21695052076184, 48.12441389894136], [16.216829812813558, 48.1244693240912], [16.216634934155365, 48.12457048263819], [16.216491347154182, 48.12470376492979], [16.215971801674986, 48.125056758786485], [16.215844084066582, 48.12508433857276], [16.215626093428284, 48.12507019609456], [16.215338544016742, 48.125096602355406], [16.21515376309448, 48.125149342454385], [16.214969029155903, 48.125172841582774], [16.214754221445304, 48.12523607078648], [16.214700119636547, 48.12527220552048], [16.214666572106964, 48.1253319214407], [16.214677299699712, 48.12562962029092], [16.21446771471184, 48.125859390298416], [16.21446705306471, 48.125911332162005], [16.214506777832487, 48.12597028597911], [16.214814177354487, 48.126223452699286], [16.214887478604584, 48.1262447336216], [16.215505662507272, 48.1263329110268], [16.21626766553472, 48.126674821967036], [16.217542205505488, 48.12727800193767], [16.217911774558864, 48.12811925759381], [16.21795502794156, 48.12816352470828], [16.21802022371249, 48.12819331423741], [16.219184240905413, 48.128358455301935], [16.22018437974346, 48.12844062481583], [16.222012454296742, 48.12902247768288], [16.224498754296743, 48.12941017768288], [16.225816852951546, 48.12951549767199], [16.226796301844097, 48.12970169575231], [16.22885520085137, 48.130180715043785], [16.23207415338101, 48.13114070935423], [16.23485784707768, 48.13158254603562], [16.237438997451633, 48.13203865533257], [16.23837986243843, 48.13215757539626], [16.23819873422691, 48.13281567791588], [16.238258357411684, 48.13344176036683], [16.238447572276883, 48.13388063947002], [16.237583007415136, 48.13406229901295], [16.236587081711622, 48.13433998367635], [16.236022125204837, 48.134741260546534], [16.235968809580466, 48.13482331457143], [16.23598459926507, 48.134886976210844], [16.236042416383814, 48.13493854173056], [16.237505666199542, 48.13574181087292], [16.238148308306016, 48.137023406670146], [16.237357194847384, 48.137033389630766], [16.235633393021864, 48.136741300080395], [16.23524475834015, 48.136720484471184], [16.23485224767113, 48.136633664975726], [16.234187842194007, 48.13660157176641], [16.233925000345508, 48.136673728003814], [16.233603039796538, 48.136683013658455], [16.232908412329124, 48.13666879696858], [16.232368005715234, 48.13654495234977], [16.231466405715235, 48.13643855234977], [16.230590468813695, 48.13638192577009], [16.23044769373339, 48.13631518514877], [16.2300706853033, 48.13627244326806], [16.228340323770812, 48.13621555067703], [16.227560273377065, 48.1361432216768], [16.227229414436465, 48.1360995268721], [16.226085456971457, 48.13582021335306], [16.22551610960683, 48.135834252377244], [16.22485219262714, 48.13581165859137], [16.224437629167614, 48.13571491818485], [16.224191107821955, 48.135616422499176], [16.223127907821954, 48.13541462249918], [16.222579084548553, 48.135350468146335], [16.22149056799298, 48.13533098161], [16.221057185477086, 48.135362938480064], [16.220905158399226, 48.13541179574591], [16.220748513676778, 48.135423320634665], [16.220657395287887, 48.13545348273896], [16.220593576601942, 48.135522752694364], [16.22054003301155, 48.13575996355964], [16.220530063482027, 48.13602306565076], [16.220559511617928, 48.13608440066529], [16.220833612524228, 48.13628777653686], [16.22099041525033, 48.13636659029493], [16.22108607489534, 48.13636925858225], [16.221157196557467, 48.13634970251341], [16.221212303936074, 48.1363137410483], [16.22128394314396, 48.13622956259777], [16.221429898040135, 48.1362601709036], [16.221322198791835, 48.13650520526232], [16.220940676405522, 48.13698551939918], [16.2208909657338, 48.13708682492948], [16.22088479129052, 48.13715316961385], [16.22092024731688, 48.137207954458546], [16.220870610554115, 48.137317521671726], [16.220810970530557, 48.137712712400656], [16.220739450533042, 48.137864453641676], [16.220447576174955, 48.137988064830935], [16.220364551683346, 48.138068286818594], [16.220143813335024, 48.138147197545536], [16.220077347944788, 48.13821041946357], [16.22001825272759, 48.13837992981536], [16.219993554648916, 48.13864597653326], [16.21984150873902, 48.13902366350773], [16.219534596074627, 48.13958815511611], [16.218868960890497, 48.140110372509206], [16.21883458299055, 48.14017278617851], [16.21885293926528, 48.14025088468236], [16.2186540442357, 48.14039233816755], [16.218515071115007, 48.14040448610207], [16.218404628048248, 48.14046107098719], [16.21801041315374, 48.14051660000511], [16.21784860625811, 48.14050352784934], [16.217536798920467, 48.1405239477807], [16.21733587577935, 48.14059207845134], [16.217271118611876, 48.140628603909775], [16.217050017448514, 48.14065651032954], [16.216774374487933, 48.14078137214758], [16.216341071408035, 48.14083981293238], [16.216245819902763, 48.140881323689605], [16.216118750062122, 48.1410019535225], [16.21608491482004, 48.141090695244806], [16.21600433849277, 48.14116756217594], [16.215830238001377, 48.141288937199434], [16.215793741368202, 48.14133730248127], [16.215795339834553, 48.14154942347865], [16.215754466131227, 48.141637986880504], [16.215764370218135, 48.14177735057077], [16.215799360122674, 48.141841256209304], [16.21576329740968, 48.14193133447137], [16.215772835947625, 48.14203668936819], [16.215477453782142, 48.1422151211261], [16.215287873446034, 48.14239921991188], [16.215119883818613, 48.142440343029165], [16.215007375476148, 48.14255169745373], [16.214857320977465, 48.14255133634798], [16.214781491140247, 48.1425687053675], [16.214555998982814, 48.14270724727946], [16.214526331022892, 48.142793283452825], [16.214571979706232, 48.142882613686105], [16.214458275614906, 48.143028395857755], [16.21441012859796, 48.14329255123746], [16.214330057571708, 48.143551428476414], [16.2143480764525, 48.143754166570936], [16.214279545881087, 48.143861781503155], [16.21395839813346, 48.14408112252731], [16.213925351226088, 48.14414352551456], [16.213934023452392, 48.14420167596724], [16.213821869011667, 48.14428299060456], [16.21360928372806, 48.14435059791348], [16.213443452475985, 48.144464179041165], [16.21330037613012, 48.1446529339396], [16.213149676882516, 48.14477326986061], [16.213074500705503, 48.14487080267436], [16.212896492671536, 48.144983359728926], [16.212854677291393, 48.14508995775037], [16.212773172282095, 48.14517788366261], [16.212774652762853, 48.14527516869761], [16.212730426851053, 48.14537123838162], [16.212652488029402, 48.145466408080814], [16.21257201602394, 48.14552196269592], [16.212539053238245, 48.14561039808946], [16.21236591557417, 48.14581038370953], [16.21232838508099, 48.14601609087092], [16.21221823532458, 48.14625607388223], [16.212158419422042, 48.146608365759676], [16.21192104910183, 48.14680675382099], [16.21180206337151, 48.14682293720856], [16.211695007301415, 48.146904744494684], [16.211259647565814, 48.147048331898084], [16.211086879648892, 48.14713863783653], [16.21095845793362, 48.14723478376869], [16.209773542907527, 48.147501666673364], [16.209687568951107, 48.14755234531062], [16.209657478340947, 48.14763918457559], [16.209948503244743, 48.14812471687777], [16.21026762998833, 48.1492973841594], [16.210308619558354, 48.149357753224834], [16.21036938726783, 48.149392015350855], [16.211446873859494, 48.14978814300567], [16.212290258341817, 48.15048850553594], [16.212268061986556, 48.15056862361689], [16.212328084872954, 48.15064949415644], [16.212498267526314, 48.150726596679526], [16.212618413187446, 48.15083667461534], [16.212873837482594, 48.1508922654369], [16.21292488861404, 48.15096902687914], [16.212986465148532, 48.15100106191805], [16.213079549307988, 48.15101544185649], [16.21315103074961, 48.151090918706466], [16.213732785403476, 48.15129798453252], [16.213863583140647, 48.15138497774157], [16.213956591503347, 48.151403824364365], [16.21406932571768, 48.15138525197052], [16.214138765994008, 48.15133964275285], [16.214204683098316, 48.1512510023434], [16.214365662309184, 48.15118670716214], [16.216834641460515, 48.15137009634162], [16.21708471881496, 48.151473811729346], [16.217700990407824, 48.15167546512437], [16.21819789881131, 48.151744261681486], [16.218804491635122, 48.15213675225637], [16.218915084468268, 48.152263289215284], [16.218948639291767, 48.15237209732832], [16.218949107027345, 48.15261422544396], [16.218995896165765, 48.15302067733511], [16.21914979399156, 48.153332571653344], [16.219347236376954, 48.15344743513128], [16.219420200158687, 48.15347271094569], [16.2195613034591, 48.1534645517423], [16.220591622455807, 48.15313490368605], [16.22074031609662, 48.15302769125119], [16.220844547087548, 48.15298293707579], [16.22088828963104, 48.15293749805108], [16.22098372427696, 48.15293024633427], [16.221050161097086, 48.15290524168633], [16.221140055863394, 48.15291542708865], [16.221355358108628, 48.15288651528249], [16.221498442811246, 48.15279533863975], [16.22159625325388, 48.15269891584794], [16.22167971873587, 48.15272132352139], [16.221808168031323, 48.152728585981656], [16.221922435509303, 48.152711787277205], [16.22210919165023, 48.15259038465415], [16.222231813290705, 48.152479851445634], [16.222334606473417, 48.15247402027454], [16.222417778379732, 48.152492947751796], [16.22252244989975, 48.15248522206046], [16.22262546279883, 48.1525014838784], [16.22271906788981, 48.152485051399815], [16.22286143048138, 48.1524139394587], [16.22294244704372, 48.15240432777459], [16.2230100786419, 48.15237450070574], [16.223114034929452, 48.152231237322646], [16.223269669773618, 48.152195769075036], [16.223314337558442, 48.15223259165028], [16.22328909036638, 48.152317949903846], [16.223309439617285, 48.15249543300952], [16.223271600258432, 48.15252664706547], [16.22307011675497, 48.152612977460805], [16.22301590180405, 48.15267065920592], [16.223004212090917, 48.15307105143404], [16.203496334930154, 48.155364873241886], [16.201510980227955, 48.154667970401405], [16.198301368057148, 48.15400804457761], [16.19820459830907, 48.15400447044522], [16.198132363073768, 48.15402387802841], [16.19805723838242, 48.15408302884486], [16.197790138382423, 48.154489428844855], [16.19650396079539, 48.156540240079956], [16.197229844498107, 48.16090180015016], [16.19600303850057, 48.163903940713546], [16.193595236205336, 48.166242450917686], [16.18767062545865, 48.167968043577226], [16.184498918972462, 48.168814299860024], [16.184107906160712, 48.1691310450277], [16.182769383653383, 48.16966879300758], [16.181644511544736, 48.17106741346985], [16.18163710983034, 48.17115821646808], [16.181716786586783, 48.17123176615584], [16.187099125739156, 48.17370549161977], [16.18736484425822, 48.17392221701526], [16.18759707960353, 48.17711641449728], [16.187631722551096, 48.17718599990876], [16.1889311626695, 48.178249114200206], [16.190015637120265, 48.179012575558524], [16.19308184543428, 48.180709930224374], [16.195753648091983, 48.1838929161674], [16.199639183310367, 48.18624022270341], [16.202870447020295, 48.19098606292697], [16.20374205496059, 48.193906147619664], [16.203771539547464, 48.196421835033036], [16.205092251906535, 48.197795839862025], [16.20572633910639, 48.199778382978906], [16.207135515379942, 48.20226620727108], [16.206809827610932, 48.20235958234821], [16.206667240005917, 48.2023706598098], [16.206518708581864, 48.202342694111145], [16.205919109664624, 48.20228241537019], [16.205666662809186, 48.20230327022227], [16.20538955585409, 48.20239488116479], [16.20509746049441, 48.20257425887809], [16.2049750600238, 48.20260887744282], [16.204922592417503, 48.202654247243835], [16.204841091089214, 48.202692148183466], [16.204796321247365, 48.20275135882817], [16.204707401594185, 48.20280713158775], [16.204627469567406, 48.2028165040379], [16.20422687243992, 48.20294128015661], [16.20413249043448, 48.20294320032181], [16.203868972144758, 48.20300784482937], [16.20324878828126, 48.203294195623286], [16.20267949060895, 48.20371232724189], [16.202544500831518, 48.20378156133426], [16.2024864628379, 48.20383528806513], [16.202252000446915, 48.20389032347588], [16.202090743644966, 48.204005221029234], [16.20194864188093, 48.204271767755586], [16.20182018307623, 48.20445945750997], [16.20173240761242, 48.20477077193405], [16.201736391132847, 48.204831856877306], [16.20167841109226, 48.20491759677087], [16.20168645901865, 48.20499942120088], [16.20175380105642, 48.20507483681585], [16.201874883094426, 48.205121709307775], [16.202359691317785, 48.205155518578515], [16.202960009660057, 48.205236264263085], [16.202808192547035, 48.20546905236747], [16.202758181683514, 48.205647602677345], [16.20245794507447, 48.20599594270822], [16.20245981854005, 48.2060881385648], [16.202532152274337, 48.206151034689846], [16.202604861835436, 48.206172723720286], [16.202684408561275, 48.206173899827284], [16.203124367250787, 48.206060799305256], [16.203516269502312, 48.20607610866269], [16.20377388359607, 48.206115698907624], [16.204175690487467, 48.20619025802032], [16.204633789613162, 48.206307948059525], [16.205056623336816, 48.20645430262785], [16.205357731162582, 48.20659782914016], [16.206145335103347, 48.20711172933265], [16.20635635245242, 48.207317253411404], [16.206605951004427, 48.20757439181768], [16.206861226781257, 48.20788261802354], [16.20730390735315, 48.20845038287735], [16.20734040417863, 48.208573850861505], [16.20737744903076, 48.20862257795538], [16.20846207136393, 48.20923066605965], [16.20899657136393, 48.209507966059654], [16.209342215703813, 48.20966412735254], [16.209154632586575, 48.20982813521826], [16.208810196430278, 48.210051001815], [16.20863536163614, 48.21032358273352], [16.2085820061125, 48.21044827781243], [16.20848332830359, 48.210528462600614], [16.208444655406083, 48.210673983203876], [16.208371894632087, 48.2107213876654], [16.208285754707443, 48.21087020626138], [16.208072284727738, 48.2108724018184], [16.207890267017277, 48.21092428681126], [16.207613227732605, 48.21105634704565], [16.20751147193158, 48.21106034859795], [16.20735886593868, 48.211114649101454], [16.207067343709195, 48.21114334435107], [16.206834275882972, 48.21130068790938], [16.206549734726007, 48.21135229261529], [16.206442431741213, 48.21121719375489], [16.206324227580666, 48.211165335630845], [16.206252035085356, 48.21115147406339], [16.206010037084273, 48.21118949221241], [16.20586818324229, 48.21124968177778], [16.205617029133368, 48.211304958023106], [16.20544354973782, 48.21140418030096], [16.20537491329434, 48.211514593833854], [16.205183965374456, 48.21166354981747], [16.205103902647746, 48.211781516521434], [16.20511622208019, 48.21187062138538], [16.20498414821941, 48.21197757233756], [16.204677013032207, 48.2119589971461], [16.204272526162118, 48.21205863353866], [16.20340576960819, 48.2122066601714], [16.20314080274614, 48.21223383223688], [16.20294984226516, 48.212297306505164], [16.202520194672505, 48.21230860192941], [16.202223152806386, 48.21225810615399], [16.201963423670335, 48.21232407978112], [16.201834176701016, 48.21230248750522], [16.201760036583885, 48.21230752055663], [16.201296764192076, 48.21243139143413], [16.200949501715282, 48.212556089830635], [16.20058731800685, 48.21271348019062], [16.200357052338283, 48.21274493390382], [16.200205917881092, 48.2128330391935], [16.200072601052476, 48.21284007722182], [16.199775477322245, 48.21295204067613], [16.199723502048418, 48.212987589810666], [16.199564904704737, 48.21298937858885], [16.19936951207324, 48.213057380881544], [16.199304214422877, 48.2131050648557], [16.19926565584533, 48.21319800329115], [16.199109813101572, 48.213237490145374], [16.199033729386045, 48.21328087221399], [16.1989893503785, 48.213391455729884], [16.198804469954478, 48.21349489232702], [16.198615198595586, 48.2135255457485], [16.198546640392227, 48.21355238982648], [16.198334653432592, 48.21370842774197], [16.198275551557234, 48.21381961874468], [16.198191224283548, 48.21391018221773], [16.19775732989036, 48.2140723114892], [16.19760208625954, 48.214206330472535], [16.197541017937702, 48.21433750588948], [16.197526904522213, 48.214429710281856], [16.197428322301885, 48.21448612645326], [16.19738539441821, 48.21454485635044], [16.19738839136519, 48.214610243219276], [16.19745377691697, 48.21467772819661], [16.19744322106359, 48.21470364162615], [16.197175550642964, 48.215207528780965], [16.197076136012555, 48.21525378151349], [16.19693355533785, 48.215402113189775], [16.196870755116827, 48.21567635522017], [16.196676086722427, 48.21570633102083], [16.19653868745502, 48.21580095229795], [16.196517072150026, 48.215850795153266], [16.196524920733662, 48.21590243879588], [16.196629004887562, 48.21603970257632], [16.19650229361812, 48.21613242645224], [16.196454412912207, 48.21621240860029], [16.196319239863985, 48.216283700302995], [16.196234076417646, 48.21637226905784], [16.196161649798196, 48.216419807645906], [16.1960038334636, 48.21669111706116], [16.195892611986377, 48.21681480440776], [16.195884043588226, 48.216864578783834], [16.195931095554695, 48.21709381885801], [16.1960009122472, 48.21715565800263], [16.19612078084466, 48.217182098025205], [16.19603233894191, 48.21732102016356], [16.1960476536846, 48.21738523195204], [16.19614042824196, 48.217481909315275], [16.196005135326768, 48.21771872461874], [16.196012133085457, 48.217949700785795], [16.19571082188983, 48.21840434922251], [16.195590213290675, 48.21847475482221], [16.19552293038951, 48.21858804691582], [16.19531460912135, 48.21872133821117], [16.1952685586472, 48.218987194808975], [16.194862434919163, 48.21949180208993], [16.194838146436997, 48.21955515911218], [16.194860844380962, 48.219618781310274], [16.195121031837136, 48.219948600398254], [16.19593474864952, 48.22047671153026], [16.19603786591999, 48.22056633625312], [16.19638538207393, 48.2207613803274], [16.196564178602053, 48.220998351965456], [16.196751237795894, 48.221136307219204], [16.19691880465915, 48.22130223919466], [16.197151224373673, 48.22142080678981], [16.19739930908964, 48.22149313013371], [16.197538847320033, 48.22151290704406], [16.198033695634486, 48.22186089324071], [16.19807693432898, 48.222310509397246], [16.19763780089828, 48.222777587682636], [16.197169016905374, 48.22292323099685], [16.196882585403014, 48.22297324606823], [16.19595333758971, 48.22324062824613], [16.195021106135375, 48.22326810369434], [16.19440898413733, 48.223254752927936], [16.193940903573818, 48.22329466008012], [16.19339452987224, 48.223297741553125], [16.192450432374052, 48.22336415163886], [16.191946854910764, 48.22332357200555], [16.189988786184312, 48.22294861383817], [16.187814283270544, 48.223154894614986], [16.186636529288343, 48.22311274030477], [16.18614196326407, 48.223145971187016], [16.185593528415218, 48.222893464057506], [16.18547593891406, 48.22287738574732], [16.185381612708206, 48.222900606092665], [16.18504118884089, 48.22309338260348], [16.184992185186747, 48.22313475525331], [16.184970446916225, 48.22318555617635], [16.184979272045076, 48.22323807812448], [16.185286016367932, 48.22387566532453], [16.185555639025548, 48.224090064353746], [16.185726340194346, 48.224157328308], [16.185825762405155, 48.224256423687095], [16.18586589182636, 48.22434557171151], [16.186289934601003, 48.224680557670304], [16.186541181862314, 48.224777888144764], [16.186750734309797, 48.22482521384245], [16.186998261557683, 48.22492364418729], [16.18725233908015, 48.22506964395767], [16.187373979410072, 48.22516180024661], [16.187613805012617, 48.225235119155826], [16.187693725063067, 48.22524142670756], [16.187826915802646, 48.22522140972377], [16.187953672607136, 48.2252512940418], [16.188029904683805, 48.22525434386057], [16.188254633895358, 48.225206843645864], [16.188464597377788, 48.22518756590017], [16.188890974188844, 48.22530894969915], [16.189060081530336, 48.2253118215609], [16.189174098913767, 48.22526560303619], [16.189270921692778, 48.22533807718709], [16.189660753649374, 48.22548757386298], [16.189972598229588, 48.2254772729257], [16.190121589036398, 48.22556436029213], [16.19024251902203, 48.22558286097159], [16.190270994067095, 48.22563034081997], [16.190326937609388, 48.225668772845964], [16.190509620959624, 48.225712832688686], [16.19055624179419, 48.225799586640555], [16.190723308734537, 48.225878875207755], [16.190752800141894, 48.2259236680898], [16.190869578542355, 48.22600861512254], [16.19093977633868, 48.22602817417387], [16.19108608908354, 48.226039610177175], [16.19124962250638, 48.22612046780689], [16.191429496320985, 48.226152716958865], [16.191915289111513, 48.22642629453258], [16.191978262476844, 48.22648630518703], [16.19204129459, 48.22663259219372], [16.192155681512684, 48.22670333465935], [16.19248552163719, 48.2270825600148], [16.192928324187488, 48.22729544633804], [16.19300634568604, 48.22731215251306], [16.193098055545807, 48.22730417722798], [16.19325578707077, 48.227454862103905], [16.193330357198818, 48.22749100026537], [16.193438736068764, 48.227598889511526], [16.193444541484155, 48.22773532375754], [16.193506156114204, 48.2278704909761], [16.193602998781476, 48.227994862072585], [16.193710894903592, 48.228079942719944], [16.1937809148999, 48.22826938186004], [16.19393573769439, 48.22840864972145], [16.19406745515695, 48.22846815133773], [16.19419565778758, 48.22856738334889], [16.194281937998973, 48.22859553411314], [16.19429010775978, 48.228661808426544], [16.1943344355, 48.228719239724334], [16.194626108181314, 48.22882910534182], [16.19483820929025, 48.228982522918244], [16.195187489653776, 48.22916226951364], [16.1953249262275, 48.229181109952826], [16.195590172800557, 48.229291620123796], [16.195708418047232, 48.22930793103817], [16.19590824593845, 48.229439203161284], [16.196091615153644, 48.22945438591297], [16.196185432098652, 48.229513470818475], [16.196180067030667, 48.229595232956704], [16.196280267303145, 48.2297424000913], [16.196615376211568, 48.229991063891], [16.196706561793995, 48.23001118565479], [16.19698511079107, 48.2300078834155], [16.19770960795758, 48.229909259151675], [16.197899584189898, 48.22985876228837], [16.197953490247258, 48.22981764769126], [16.1984852225796, 48.22919209171553], [16.198892017046468, 48.22891922650391], [16.19888551622164, 48.22916304857935], [16.19869963948348, 48.22975472969102], [16.198106967039216, 48.23031323660797], [16.198069924875583, 48.23039901027437], [16.198124488648155, 48.230517160429244], [16.198169766364913, 48.2305590050587], [16.19824507492239, 48.23058865965589], [16.19842899176933, 48.23071704940835], [16.19856169830736, 48.23076998788436], [16.198702342845017, 48.23087197775261], [16.198841087752466, 48.23092813436872], [16.19891950499655, 48.23094081333802], [16.198362601870155, 48.2311555756179], [16.19794105524303, 48.23127106446347], [16.197876030715083, 48.23132125473271], [16.195833424776655, 48.23232902064154], [16.19346119044366, 48.23330384252668], [16.19341397482402, 48.23334863162292], [16.193397041909247, 48.23340230947582], [16.193445402897446, 48.23374423813419], [16.193429141297077, 48.23406181256263], [16.193238660224388, 48.234253331123945], [16.192992972603143, 48.23456548582999], [16.192888795191607, 48.23460434322631], [16.192795412367076, 48.234692806699634], [16.192804680547997, 48.234942417986375], [16.192945270541344, 48.23519406491893], [16.193163995880944, 48.23532937898707], [16.19325308008155, 48.23564259468093], [16.193407591599392, 48.23592675360484], [16.19309567465563, 48.23598394788204], [16.192619804245684, 48.23621846267453], [16.192580383456537, 48.23627680215473], [16.192585225911785, 48.23634077945688], [16.192783484415845, 48.236524330816586], [16.19277398711664, 48.23655478437297], [16.192553980151466, 48.236514816287055], [16.192428207410412, 48.236542753886916], [16.19231135135609, 48.23666086197406], [16.192315895771703, 48.236786358605734], [16.192383072938615, 48.236868113532005], [16.192602322363463, 48.23695216765206], [16.19288144979835, 48.236998918778255], [16.193039059022794, 48.23698071904934], [16.193301137787618, 48.236996069775714], [16.19329484121159, 48.23708505153303], [16.193386740784053, 48.2372537522623], [16.19355638252015, 48.237387248205145], [16.19367947683919, 48.23754215684515], [16.193891544912162, 48.23771207668541], [16.19397783139374, 48.23793568217807], [16.193962036183514, 48.23796332379597], [16.193848581885486, 48.23804100639167], [16.193824160208884, 48.23813362633894], [16.194043479757436, 48.238450903172975], [16.193941806430953, 48.23849483768551], [16.19388944573552, 48.23853608300981], [16.193735290829718, 48.23885931681813], [16.19376954438755, 48.23918179844008], [16.193958370573192, 48.23956281287685], [16.194098861175082, 48.2397133778739], [16.19420446422435, 48.2399495907745], [16.194187208559136, 48.24029407358687], [16.194283108042615, 48.24049597599044], [16.194280170120184, 48.24052813288689], [16.194099932300336, 48.240493165682736], [16.193826236159374, 48.240535777002385], [16.19373773034023, 48.24058795273089], [16.193653671343647, 48.2407066045928], [16.19363151054019, 48.240854202365576], [16.193641887951742, 48.240960635072604], [16.193712917654654, 48.2411205317576], [16.19376175875374, 48.241162157438986], [16.193831379453506, 48.24118819258612], [16.193692840550256, 48.24132366516234], [16.19369535113396, 48.24141769656919], [16.193948040368554, 48.24163853739913], [16.19420270490002, 48.241750451714836], [16.19423200987399, 48.24180724452363], [16.19409053492906, 48.241866984891615], [16.193777678988756, 48.24195985753726], [16.193688511793802, 48.24202845704738], [16.193472195445384, 48.24241364141458], [16.19352155617103, 48.242695628017835], [16.193599036691964, 48.24290153608362], [16.19339572021561, 48.243031274304286], [16.193314978443727, 48.24326379311731], [16.19360099817992, 48.244176126738665], [16.193738012854798, 48.24445279747975], [16.19390159230586, 48.24462121472336], [16.194125822230255, 48.24474120709394], [16.194350363657836, 48.24481827011346], [16.19440111673644, 48.24484925101215], [16.19451270352788, 48.24516950213346], [16.19463816431377, 48.24534617544697], [16.194686045413793, 48.24538835070402], [16.194894269252607, 48.24548992652744], [16.195087631370285, 48.24575295080091], [16.195123961589474, 48.245840510298876], [16.195122710191722, 48.24597479007593], [16.195228870988544, 48.24624018528223], [16.195326677839063, 48.24636110769225], [16.19554125154119, 48.24674571362405], [16.195728440997218, 48.24714005305446], [16.196034838554976, 48.247615724503945], [16.19590312854378, 48.24770470913692], [16.195793941263776, 48.24785224560898], [16.19573331714263, 48.247972970998056], [16.195751499594596, 48.24806553885062], [16.19588161560204, 48.24817720005245], [16.19576047302711, 48.24830022510265], [16.19573055877441, 48.24841476169087], [16.19573044090535, 48.248527542168276], [16.19588902901808, 48.24910268877386], [16.19577708654484, 48.249292943375856], [16.19580623077289, 48.249452910556975], [16.196138189972178, 48.249991140169456], [16.196288277265136, 48.25008165230114], [16.196337359111016, 48.25016126996719], [16.1964598011014, 48.250225888370636], [16.19694599492367, 48.25064015063518], [16.197172074779452, 48.25073752247316], [16.19736732797251, 48.25090609712856], [16.197670098960355, 48.25104538722474], [16.197766882965983, 48.251156852341204], [16.19782702511806, 48.251417286084596], [16.197856587377853, 48.25146971275604], [16.19806181719215, 48.2516422490217], [16.19820489134126, 48.251710019345886], [16.198275782836244, 48.25180208217044], [16.19854164511949, 48.25191718779191], [16.19858214494574, 48.25205659789831], [16.198717975245863, 48.25214090966167], [16.198680051345438, 48.252411330026135], [16.19884844269744, 48.252672737880374], [16.199270830777785, 48.25306084539254], [16.199336674647682, 48.25308839303175], [16.19951831216988, 48.25312019381528], [16.19961385963673, 48.2531616841558], [16.199669680882263, 48.25321029947573], [16.199695193001368, 48.253476134176935], [16.199745727183213, 48.25354894247707], [16.199957851543125, 48.253653748712956], [16.200086538170645, 48.25366321293382], [16.200206983895022, 48.25384856015303], [16.200388396916097, 48.25397347887671], [16.200884182695987, 48.25405323819115], [16.200952547221707, 48.25408470590268], [16.201042881861802, 48.25416631580041], [16.201081738780815, 48.25424586122673], [16.201153567236382, 48.25429303590665], [16.201348928158335, 48.25434666619242], [16.20162491340182, 48.2543237134314], [16.201742601438347, 48.25435567182062], [16.201829553326746, 48.25445286051159], [16.201874943361926, 48.25464584024213], [16.201958051621187, 48.25471591709652], [16.202161589339738, 48.254791038588216], [16.202643207624906, 48.25479496521766], [16.202666375740588, 48.25492889951454], [16.202750658287265, 48.2550365363077], [16.203065739211024, 48.25519285342873], [16.203115740395837, 48.255235195472515], [16.203137060297603, 48.25534075524622], [16.203167385687323, 48.25538735599022], [16.203390726003832, 48.255516558863675], [16.20348832899402, 48.25553877305348], [16.203795686020005, 48.255532490476995], [16.203884260212128, 48.25568723457693], [16.203948090320413, 48.255734069848245], [16.20462658185785, 48.25588588546405], [16.20463735899419, 48.25590652424229], [16.204564972449784, 48.25608610705636], [16.20462448542475, 48.25622328378318], [16.204695926199722, 48.2562826220249], [16.20489133293379, 48.256341171315746], [16.20514607655315, 48.25633546386763], [16.205270900893808, 48.25629561371478], [16.205466570236364, 48.25630927483966], [16.205451543157213, 48.25644765922483], [16.20549822662977, 48.256580652584475], [16.20535764861359, 48.25679282639031], [16.205242525682987, 48.25690127764847], [16.205067092856957, 48.25719463560615], [16.2050604205344, 48.25726217424219], [16.205100210570393, 48.257334891009705], [16.204957711870144, 48.257370150678504], [16.20471516004136, 48.257493686555435], [16.204645288895858, 48.25757360036236], [16.204652453085906, 48.25798772465953], [16.204724760651608, 48.25823852050696], [16.2046927270559, 48.2584416662274], [16.204600224033545, 48.25855160601134], [16.204602992654355, 48.25863970019657], [16.20453159510794, 48.25869392386024], [16.204500907038476, 48.258757074446365], [16.20452770622555, 48.25883436051866], [16.20464905120117, 48.258918133024714], [16.20454676220415, 48.25897868460738], [16.204496131940946, 48.2591075533683], [16.204601447716982, 48.25930546672065], [16.204660760845673, 48.25934140869729], [16.20480926532878, 48.259379108143825], [16.205057641561318, 48.25958942408181], [16.205186664718056, 48.25980314532283], [16.20516385763366, 48.259872672107456], [16.205178196963598, 48.260043039857244], [16.205278134792362, 48.26013176513792], [16.205389071442713, 48.26015923484473], [16.20529277056694, 48.260304373711435], [16.205273581115513, 48.26040308779978], [16.205291387548648, 48.26045139317228], [16.205401612954606, 48.26056095460491], [16.20546208091007, 48.26065973024713], [16.205460944565736, 48.26076881930338], [16.205422493365074, 48.26087873834628], [16.20546571572213, 48.26111167222228], [16.205435911237885, 48.26127639554312], [16.205467312646952, 48.26138218595697], [16.20542999381036, 48.2614412081123], [16.205420194051563, 48.261531175389855], [16.205354652947857, 48.261594290642286], [16.205315241190156, 48.261672073871814], [16.20508641107648, 48.2618263279917], [16.204967494672935, 48.26197080401059], [16.204944662659226, 48.26202226531987], [16.20495335504392, 48.26207564227445], [16.20506630330421, 48.262284471401294], [16.205261560669324, 48.26238442784425], [16.205336501828135, 48.262402072946685], [16.20537884641397, 48.26246719353823], [16.2054760114884, 48.26251148467796], [16.20549798976104, 48.26257179076943], [16.205606026485125, 48.26270802679954], [16.205589957561735, 48.262792696825706], [16.205663255847067, 48.262993014947355], [16.20579559688888, 48.26308346116535], [16.205886400580614, 48.26317991947302], [16.206103849571157, 48.26330705108534], [16.20619036889903, 48.26333113132863], [16.206248120105116, 48.26338060507719], [16.206328423893734, 48.26341440678018], [16.206372139624605, 48.26346330446876], [16.20644445923997, 48.26350043195529], [16.20654919346515, 48.26361926960861], [16.206672477492795, 48.26368146647867], [16.207042491152713, 48.26380362240186], [16.207102678188342, 48.263851724883445], [16.207241395126836, 48.26390695766267], [16.20729541756618, 48.26398681971653], [16.207358796770137, 48.264031723182526], [16.207542305500944, 48.26409733558738], [16.20791855408545, 48.26418456562021], [16.20797016835276, 48.26421360304397], [16.208141540004224, 48.26426477132485], [16.20858454000422, 48.264340771324854], [16.208665788880122, 48.26434337285135], [16.20903391060997, 48.264301638884334], [16.20952052405803, 48.26413330558316], [16.210100886365733, 48.26384258033392], [16.210396451248794, 48.26357701940767], [16.21189434944263, 48.26259234885499], [16.213040182496158, 48.2617104281958], [16.213556079205432, 48.26138494911409], [16.214426093342187, 48.26106663781075], [16.2146907719282, 48.26089629736697], [16.2149261437749, 48.26051735738078], [16.214940275593797, 48.26046139423934], [16.214839915194197, 48.26019214149363], [16.21463437454282, 48.26000286686159], [16.214631783858955, 48.259974608196465], [16.215292941113145, 48.260071487089206], [16.215571714970807, 48.26006124928835], [16.21582327353992, 48.25997633475697], [16.216099568317347, 48.25983864537172], [16.21636170663649, 48.259795985098606], [16.21667052175081, 48.25976954816628], [16.216733384534542, 48.259735564107466], [16.216995215989076, 48.259523396278595], [16.21794722787219, 48.25936334652932], [16.21979084698179, 48.25874279005376], [16.22061280422135, 48.25869083290349], [16.221454090476456, 48.25830192106258], [16.223775271063168, 48.25635989250596], [16.22662469981228, 48.255118738939416], [16.22667175791527, 48.25504877418868], [16.226654729227544, 48.25497286530264], [16.226320418300578, 48.25471017301167], [16.226320699838585, 48.25467749878613], [16.226378531091353, 48.25465853891972], [16.22700976477006, 48.25462497369349], [16.22709754403979, 48.25460616689224], [16.22792173174434, 48.25412124411373], [16.230078465691395, 48.2531516250943], [16.231567379713642, 48.251735170149686], [16.232909514436155, 48.25129169271143], [16.233761262159344, 48.25078506720992], [16.233974416536643, 48.25039722113887], [16.234117737490017, 48.250386184350226], [16.23454793749002, 48.250310684350225], [16.235211607443443, 48.25017366971622], [16.23622309881855, 48.250122500477936], [16.236360513869773, 48.250171653461265], [16.23651292380994, 48.25016226530508], [16.23662146312097, 48.250108980764274], [16.23668005846182, 48.25001812501354], [16.236763442649977, 48.250006723817066], [16.23873065242076, 48.24944662168636], [16.23943069118536, 48.24933663737404], [16.2394941497553, 48.24930269563109], [16.239532613972678, 48.249254739045035], [16.239539887319765, 48.24920049333753], [16.23951054434902, 48.249130987447494], [16.2398368811584, 48.24897575205371], [16.240158118060204, 48.248887891125975], [16.2408497222869, 48.24859643779293], [16.241193725454945, 48.24847148744452], [16.241238726007836, 48.248427748911986], [16.24125524364535, 48.24837576301299], [16.241208757749376, 48.248066413179615], [16.24096665191099, 48.24779877157912], [16.240533794913365, 48.247092391103685], [16.23994796070824, 48.24636756166195], [16.23993362684791, 48.24580111406644], [16.239878861534624, 48.2457491407046], [16.23925048281778, 48.24538037866961], [16.239028727895526, 48.24485229507798], [16.23888721420892, 48.243979401643784], [16.238830302158025, 48.24392718111278], [16.23770738059259, 48.24329425124074], [16.23750764681562, 48.24276429807315], [16.237682900005325, 48.24156864728833], [16.237993476779593, 48.24079283555767], [16.23817514785911, 48.24059312795139], [16.238393872337323, 48.24050034562884], [16.23846714851262, 48.24040072468675], [16.23849167259939, 48.240304634620976], [16.238807069193808, 48.24013239205196], [16.239110750748168, 48.24011657348514], [16.23920509693795, 48.24008963525143], [16.239334420804067, 48.240085394757905], [16.23941382236817, 48.24004732991321], [16.239461959201652, 48.239981500313704], [16.24003492256374, 48.23984309374545], [16.2401031935803, 48.23981400264715], [16.24016104206973, 48.239743222093054], [16.240157303402125, 48.23965863977735], [16.24012277990469, 48.239595614682706], [16.240032598986307, 48.23954698065966], [16.240018383204905, 48.239512236582925], [16.240035424450213, 48.23943555518563], [16.240238463974492, 48.239430309360905], [16.24036328936091, 48.239379468182825], [16.24041003600933, 48.23933994917754], [16.240455787422974, 48.23924770181291], [16.240639014608604, 48.23911704779658], [16.240682874840974, 48.23902011078376], [16.240822484280386, 48.23894069868729], [16.241214307216843, 48.238904236780996], [16.241298543354613, 48.23887588272248], [16.241484660349194, 48.23866413222954], [16.24163068551491, 48.23853991777008], [16.242247821602522, 48.23888674482403], [16.242337604026876, 48.23891571526531], [16.242848347951078, 48.23891839748507], [16.243602702277954, 48.23896181838852], [16.24449465825817, 48.23915953175533], [16.24507023607644, 48.239070377973235], [16.24584272097078, 48.239078846138945], [16.246591460330222, 48.239194451269185], [16.247422606929643, 48.23946720782927], [16.24795584425478, 48.23958988263453], [16.248575270951168, 48.2398203624787], [16.25000954898247, 48.240409733054975], [16.25008067396765, 48.24042771547637], [16.250604431486046, 48.240363654032855], [16.251002470715346, 48.24048734196944], [16.251094887543328, 48.24049980437943], [16.252549987543333, 48.24046360437943], [16.25335628472007, 48.240415843793926], [16.25455332587915, 48.24036836116128], [16.254668215471796, 48.24033857814349], [16.254879878140553, 48.2401986906233], [16.255816982993846, 48.2400900880685], [16.255992354149413, 48.2400177067829], [16.256406019359865, 48.240017766996175], [16.25628223926691, 48.24090171002209], [16.256280969358862, 48.2412170998463], [16.25633695796543, 48.241287725144744], [16.256442491600296, 48.241324904326504], [16.25654205716744, 48.2413205371908], [16.25668751903776, 48.24126848675106], [16.256809474080317, 48.241513596393965], [16.256591440913443, 48.2429097530699], [16.256610636252503, 48.24301243781345], [16.25670620429004, 48.243117487187284], [16.256810896418905, 48.24319194373534], [16.257368847297208, 48.24347763936532], [16.25779006201364, 48.243811074310464], [16.257972969030074, 48.24401362527854], [16.25803935090682, 48.24469856179703], [16.258261789009257, 48.24574090072539], [16.258384330454156, 48.245940706644355], [16.258556863385394, 48.24615328676664], [16.258634749869596, 48.24619247855224], [16.25873089445588, 48.24620269424404], [16.259175057822432, 48.24611879080334], [16.25957214840049, 48.24592031675431], [16.259627826204408, 48.245918783675805], [16.25968414999462, 48.24597152419071], [16.259801049807272, 48.246014311402], [16.260042448805656, 48.2459961422003], [16.260126802817652, 48.245964736396154], [16.260182554589484, 48.24590471568346], [16.260406405386256, 48.245887211433015], [16.26092993059895, 48.24568320568118], [16.261335856671135, 48.24621965123213], [16.261401435763666, 48.24626995835558], [16.26149484044426, 48.24629314506149], [16.26157445701267, 48.24628812080625], [16.261938143995494, 48.246160346012545], [16.26212545959836, 48.246270346468066], [16.262229280866677, 48.24629498123201], [16.26242143254647, 48.24642784812891], [16.26273449155493, 48.24670979092503], [16.26280274140518, 48.24708458071409], [16.262870463479167, 48.247164060149665], [16.262978157325986, 48.247195666303966], [16.263239751058475, 48.247193460564155], [16.26347122246615, 48.24708184402702], [16.263534079928192, 48.24702895067864], [16.26359969729816, 48.24701112443401], [16.263590483285157, 48.24722298851795], [16.263645159121072, 48.24730712517135], [16.263709743447844, 48.24733789685432], [16.264382445338306, 48.24753961159498], [16.264811170757042, 48.247795628559935], [16.26490440822602, 48.24793165630421], [16.265011830000546, 48.24799644381027], [16.26507017791699, 48.24819718683291], [16.26511903957022, 48.24828933157118], [16.264909875048943, 48.248539451989885], [16.264606349503328, 48.24906273204494], [16.26452937447934, 48.24912796326158], [16.264521137646447, 48.24931289071653], [16.264569039667204, 48.249385280409435], [16.266338938293096, 48.25014100188986], [16.26643071929307, 48.250230912256505], [16.267796897425246, 48.25090198854354], [16.26880101063235, 48.25143134078682], [16.26934313680989, 48.25159502069142], [16.27022449918694, 48.2519848468718], [16.270249793153955, 48.25239289223631], [16.270408637282003, 48.25278863877025], [16.269916171407257, 48.25337138850409], [16.26939528776206, 48.253816354291025], [16.26925494403732, 48.25386815180743], [16.268749958017015, 48.253909290832205], [16.267432319800907, 48.25385688053206], [16.26649278200608, 48.25414459985414], [16.265733953275237, 48.25430005176539], [16.265340602439483, 48.25426601893173], [16.26412923808289, 48.25440869074076], [16.264049838897918, 48.254445547481495], [16.26401053997246, 48.25449038364309], [16.26386215406196, 48.25489041578416], [16.263861850251786, 48.25495474844422], [16.263919088203455, 48.255021333568386], [16.26402103657924, 48.25505635973159], [16.264971311860855, 48.255169147198615], [16.26631938998539, 48.255126499506105], [16.268695405676084, 48.255020632063015], [16.269878295602144, 48.25527898630201], [16.270401908436426, 48.255474199859144], [16.271098907486607, 48.25585386721649], [16.27218004662825, 48.256310463061865], [16.273302476395507, 48.25662414738215], [16.275464165839676, 48.25715181175953], [16.276285709706404, 48.25709028704523], [16.27681034195612, 48.25702936027141], [16.277349173973597, 48.25704968487214], [16.277848788038575, 48.25699712409038], [16.278815023093017, 48.25679286235063], [16.279406524246657, 48.256786488415784], [16.279971402597123, 48.25688949459154], [16.28067221534199, 48.25725156157935], [16.281168092312214, 48.25735869487617], [16.28180055149, 48.25759074550791], [16.28212498349433, 48.257755785686754], [16.28266096954965, 48.25780626850356], [16.283226484645947, 48.257897589432105], [16.28439853193932, 48.25802090599365], [16.284622977724997, 48.25815877037201], [16.285578631700524, 48.25848994293791], [16.285601654679486, 48.25855959228604], [16.285585997105734, 48.25881436691206], [16.285659938495154, 48.259042907345304], [16.286106701625894, 48.25975574439844], [16.286974080914696, 48.26038579325214], [16.287258396625713, 48.26052933611973], [16.287601938183936, 48.2606279037977], [16.28775932748745, 48.260695090065774], [16.288192512553465, 48.26101064979915], [16.288413041024498, 48.261255778261834], [16.289335163377398, 48.261835877721865], [16.28959108029532, 48.26192928843811], [16.29025636406334, 48.26204952501631], [16.29079494047208, 48.26217706701201], [16.291986423792398, 48.26235177703698], [16.29254996007369, 48.262837429901566], [16.293060999146036, 48.263431463990784], [16.293891663453525, 48.26405785609565], [16.293885197169782, 48.264473100581995], [16.29238579782524, 48.26550582698957], [16.291223411919425, 48.266547190340866], [16.290698903170803, 48.266502578109936], [16.290186261301653, 48.266499917165206], [16.28922724058249, 48.26626868669046], [16.288703946070136, 48.26620838010052], [16.287699507335006, 48.26626597217965], [16.28675711513533, 48.266276223445665], [16.286370848844875, 48.26636774762392], [16.286003525756843, 48.266622200269914], [16.285758924923464, 48.26707410653756], [16.28567636218921, 48.26736084853425], [16.28568442950815, 48.26748551664425], [16.28584488391503, 48.26771704046697], [16.28625849721862, 48.2679072087766], [16.28688223319299, 48.26814900175695], [16.287247168662027, 48.26835059657149], [16.287532211930856, 48.26860137724476], [16.287612073995465, 48.2687476674044], [16.287692383738733, 48.26906629854715], [16.28794507543685, 48.26946829526396], [16.28811180205251, 48.26989667081756], [16.28852107690641, 48.27041899671447], [16.288934039133807, 48.27063594510766], [16.289293055303304, 48.27073542233423], [16.28986285966278, 48.270833769175724], [16.290532376778767, 48.27100965292953], [16.290856760497398, 48.27122963247075], [16.29102937281841, 48.27139566828145], [16.291216860285676, 48.2714827467794], [16.29154458892697, 48.2715413220065], [16.292172927354404, 48.27155980217975], [16.29327314796823, 48.271797465321576], [16.293678536389734, 48.271918160913216], [16.293854960600854, 48.272057415945866], [16.29414920010897, 48.27220869850513], [16.294460179715166, 48.272306633028236], [16.29517005516424, 48.27223565214504], [16.297286019041774, 48.272138662765904], [16.298281610660688, 48.27243308362384], [16.298773525933246, 48.272522068014], [16.29911278975465, 48.27294619236036], [16.29916234148516, 48.27298672494631], [16.299642859539475, 48.27324905922258], [16.30014597224781, 48.27332651796682], [16.300217365786725, 48.27341191663806], [16.300347102013866, 48.27344309641722], [16.301701898845028, 48.27325891917106], [16.301790411635583, 48.27323036216162], [16.30185970619494, 48.27315168511748], [16.301847528122096, 48.273073357046556], [16.301528655650728, 48.27275224482495], [16.302178126121916, 48.272607098454834], [16.30251000990116, 48.27246863958447], [16.30366442076575, 48.2722633172456], [16.304171924937947, 48.27204317839089], [16.304611850716753, 48.27189834157074], [16.305409812428564, 48.27181729930551], [16.30578364682244, 48.27186911057097], [16.306427152819406, 48.27218524529656], [16.307121072285856, 48.27246041136163], [16.30829783930602, 48.2725713276998], [16.30899606256463, 48.27290977763936], [16.309695216906647, 48.27328279208917], [16.31045454966164, 48.27371613294033], [16.310924951389946, 48.273822616161404], [16.311519483445803, 48.27404133124559], [16.311620255789418, 48.27405130213943], [16.312312238374854, 48.274000790330454], [16.31451219400762, 48.274119722454934], [16.315016941138104, 48.27441978111178], [16.316092870619038, 48.27564580437229], [16.316589096947105, 48.275851674230125], [16.316735136670292, 48.27617333847745], [16.317397656408172, 48.27674594380314], [16.317690580668184, 48.27712822310277], [16.317830605400182, 48.277228349655424], [16.317985368965484, 48.27732721221207], [16.319192868965484, 48.27781111221206], [16.319561198889872, 48.277893904874084], [16.31971041196084, 48.27797870667194], [16.32025382505813, 48.27812475002458], [16.32067206215507, 48.27831908901522], [16.32137956085717, 48.27827600836963], [16.32169364704786, 48.27830367410038], [16.32236259754889, 48.27830596487975], [16.32285649754889, 48.27822116487975], [16.323200040864315, 48.278137486191234], [16.323601440864312, 48.278000086191234], [16.324139151042942, 48.27778076804147], [16.325161439731747, 48.27757830273803], [16.32636282896654, 48.27744869520348], [16.32682294041443, 48.27741529602183], [16.327440864129297, 48.27734150512962], [16.327793743893967, 48.277278954004444], [16.328109415902478, 48.27725917392986], [16.32871518323238, 48.277290564683526], [16.328891089934185, 48.27732014523858], [16.329418794316965, 48.277566100167185], [16.32972409469775, 48.27768069796008], [16.330041604375847, 48.27788290705743], [16.330119892172632, 48.27804271986791], [16.33016060592105, 48.27850841362664], [16.330350904559527, 48.27903307437529], [16.330660893575764, 48.27940597828182], [16.33101292795418, 48.27976027128153], [16.331132315283217, 48.280069288012825], [16.331417509492052, 48.280295197236256], [16.331476278418922, 48.280369753792], [16.331551997709013, 48.28059665878985], [16.33183960008314, 48.280861942357724], [16.33210286291989, 48.281003928660645], [16.333087966183065, 48.28126306524725], [16.333551840837732, 48.28129225782665], [16.33361964737096, 48.28133623778041], [16.333716813869774, 48.28136325346127], [16.333847645541262, 48.281358939195904], [16.334069484861118, 48.28125899011427], [16.33422468269191, 48.2812491087457], [16.334318489349492, 48.2812901223619], [16.33657032056229, 48.281935056425525], [16.33838892172372, 48.2827230311012], [16.34427548644183, 48.28520327931031], [16.34437757228469, 48.285324793084634], [16.34439214428814, 48.285383207743905], [16.34425218023012, 48.28550031019778], [16.34422126259841, 48.28560045632888], [16.34425218023012, 48.28567088980222], [16.344340147370954, 48.2857360377804], [16.344437313869772, 48.28576305346127], [16.344564016086487, 48.285759555909756], [16.34467743065303, 48.2857155637283], [16.344827563173443, 48.28559804033647], [16.344894775228983, 48.28562653338281], [16.343912334227287, 48.28663851744361], [16.34369481077472, 48.28683792895999], [16.34357138381185, 48.28690816356484], [16.343282083811847, 48.287218763564844], [16.343238750495104, 48.28730792694633], [16.34300790822039, 48.28753032064981], [16.342871476979347, 48.287603644334055], [16.342021836197617, 48.28826438193909], [16.341048543096313, 48.288881762303006], [16.34100926025206, 48.2889279960878], [16.34099949062483, 48.288980814958144], [16.341055229581848, 48.289064750876335], [16.341138935654676, 48.289099922697204], [16.34659684600503, 48.29030008404416], [16.348083901512958, 48.290613921785074], [16.348219880783766, 48.29060103054408], [16.34830368645572, 48.29054494585819], [16.353645742366112, 48.283820017318504], [16.363224223340538, 48.28243676157726], [16.364387161988613, 48.282082700971635], [16.364407070479178, 48.2821611389058], [16.36448510080583, 48.28223176076594], [16.364603513869774, 48.28226935346127], [16.36473434554126, 48.2822650391959], [16.364822127069893, 48.282234434379234], [16.364876618860436, 48.28219594661523], [16.36518641631689, 48.28182986064799], [16.36593025309823, 48.281586979793786], [16.365991925572324, 48.28153616991136], [16.36602989248517, 48.281444716710574], [16.36652541214595, 48.281360162711074], [16.366916911672885, 48.28119032004606], [16.367026912519307, 48.281215848560706], [16.367523983425063, 48.281227598668394], [16.3676614340238, 48.28126530241794], [16.367893716236612, 48.281244243314624], [16.36794735932013, 48.2813049513927], [16.368034866445278, 48.28133863483085], [16.36836230706904, 48.28135609490148], [16.368466210955784, 48.28134467970437], [16.370011566643417, 48.28170469390925], [16.36912063439861, 48.281944287665354], [16.368392166887855, 48.28240295056553], [16.367650491022385, 48.28315988250194], [16.36703042992017, 48.28414872400812], [16.366722923581737, 48.28495112894824], [16.366588431193815, 48.285409541016385], [16.366558794164117, 48.285875989417264], [16.36668459849264, 48.28634113382575], [16.366959735972678, 48.286912247095806], [16.367155936665057, 48.28710522539464], [16.36758027215408, 48.28730506200799], [16.36852757215408, 48.28758406200799], [16.3692198176066, 48.287762127109836], [16.369835351652966, 48.287870152367255], [16.37067157373499, 48.28795195303958], [16.371356404233634, 48.287861737931934], [16.371750886114494, 48.287866455746524], [16.373093695411193, 48.288048697650346], [16.373835388158383, 48.28820008997662], [16.37477959851692, 48.288320627790235], [16.37573965368851, 48.288336856861676], [16.376503677421688, 48.288291070101856], [16.377411257411232, 48.288357573807986], [16.37774217783581, 48.28843654436861], [16.378163896301285, 48.28882060463038], [16.378493965111748, 48.2893722330961], [16.378748659285037, 48.2898706232852], [16.378808626625858, 48.29019856266564], [16.378873187754024, 48.29101848899336], [16.378854862270305, 48.2912795799057], [16.37869255116639, 48.29190366363352], [16.37868802543557, 48.29201891992614], [16.37862563993625, 48.29210075531107], [16.378613274557715, 48.292158435561255], [16.37826423122965, 48.292800534198186], [16.376789139039353, 48.294690942896814], [16.376575685850504, 48.2949221599752], [16.375913230587262, 48.2954772988604], [16.375403424930802, 48.295842816682196], [16.37536149857872, 48.29591380185537], [16.375375295510352, 48.295977026141045], [16.37614882505738, 48.29681769268172], [16.376314611460273, 48.29706688679075], [16.377535428609907, 48.29859461155045], [16.37849262138595, 48.30001449389648], [16.379576545257027, 48.30196017149827], [16.37959647047917, 48.3020380389058], [16.379674500805827, 48.30210866076593], [16.379767254458738, 48.30214193919589], [16.379850435773694, 48.30214969964422], [16.380267067623087, 48.30208621875121], [16.380732976850066, 48.30205602354389], [16.380907948144884, 48.30206081448097], [16.38138158332798, 48.30199163272831], [16.382266783327978, 48.301826332728304], [16.382673319192683, 48.30172100186955], [16.383107846840954, 48.301637004671136], [16.38453260086372, 48.30142688895528], [16.384985838627085, 48.301416521124516], [16.385242035915624, 48.301552514572876], [16.38551460247036, 48.30167133908116], [16.38586205543308, 48.30178900738487], [16.385785464161657, 48.30183749353376], [16.384987969563834, 48.30220197348667], [16.384302389587784, 48.30245144381523], [16.3837996454588, 48.30259695872534], [16.38373848296556, 48.3026319096316], [16.383702424887574, 48.302680088732], [16.383697163803422, 48.30273388987197], [16.383758655745734, 48.303035041790835], [16.38385922692156, 48.30319833880223], [16.383916325386398, 48.30324267295436], [16.383974795094126, 48.30343484174994], [16.384099411766382, 48.30355360947754], [16.384143134552016, 48.30363441346122], [16.384555586071865, 48.30391772844318], [16.384099011682935, 48.30423880043083], [16.38323132842041, 48.30498777945767], [16.38290622837823, 48.30522086854571], [16.38286679921353, 48.305283166640756], [16.382952262113143, 48.30554398719033], [16.383115251048043, 48.305749696923826], [16.383445306456803, 48.30633417004352], [16.38349950958171, 48.30691653026751], [16.383642699891247, 48.3072159195112], [16.38326111363611, 48.30859454779707], [16.382255248652818, 48.3104220582542], [16.382425004253587, 48.31138904627762], [16.38136716917782, 48.311495708077125], [16.381263633728945, 48.31152803790164], [16.381202713194927, 48.311592867283224], [16.381001115381228, 48.31206989156136], [16.380722530782318, 48.31241193485744], [16.380374747370954, 48.3125159622196], [16.38031361543288, 48.312553713111065], [16.38026655901865, 48.31261387879912], [16.380254982232646, 48.312669092288445], [16.380275470479173, 48.31273563890581], [16.380318704464056, 48.31278324922315], [16.380391234465662, 48.31282347092106], [16.380405140185445, 48.31343757557253], [16.380345461456287, 48.314622751659115], [16.38023007591362, 48.31504374768226], [16.380240136292716, 48.31511687639041], [16.380681829862606, 48.31572043898784], [16.381154227423753, 48.316453411716175], [16.381533300757162, 48.31719156869176], [16.383502501897482, 48.31850147070825], [16.384686369785804, 48.319347218903864], [16.385069985618593, 48.319559914858296], [16.385693891694444, 48.3197325403211], [16.386278588993843, 48.319784688668655], [16.3873687354483, 48.319650629485224], [16.389234461843216, 48.31922658853163], [16.389555666545412, 48.31982612049333], [16.389795569031783, 48.32019246564695], [16.388783740553645, 48.32022694139782], [16.38866114995336, 48.320272366714335], [16.388611942258933, 48.32036036479556], [16.38860654225893, 48.321029364795564], [16.38862100444942, 48.32108050677235], [16.388663087531718, 48.32112423099202], [16.38874478041075, 48.3211588360049], [16.388821690239933, 48.32116551705044], [16.391088897728853, 48.32106752627668], [16.390801910508532, 48.32235597330698], [16.390840195192023, 48.32244271165969], [16.390932518002813, 48.322489982164065], [16.391029031015027, 48.322497636476406], [16.391853413071257, 48.32242802984572], [16.393380387261598, 48.32246994986049], [16.394370972177526, 48.32268070085683], [16.39519517543879, 48.32270097099075], [16.395286641926894, 48.3226822075933], [16.395355022611916, 48.32263732204943], [16.395385012146388, 48.322576360892654], [16.39550745882569, 48.32154671438762], [16.39549827784357, 48.320258535375004], [16.39535175209426, 48.319917297054694], [16.39528962594022, 48.319852863803014], [16.39518536019486, 48.31982136020259], [16.394640552620462, 48.31983897713758], [16.394371829891373, 48.31932614804345], [16.395783863892657, 48.318860386653974], [16.39711402686633, 48.318354387241016], [16.39745344415841, 48.31825376984257], [16.398340711074326, 48.31805162384984], [16.402744337019953, 48.31692503696402], [16.403321109686992, 48.31809176477189], [16.403823579881973, 48.318995095463904], [16.40381373629737, 48.319382609849654], [16.403855379352404, 48.3194529193112], [16.40394689342198, 48.31950992088625], [16.404183367744032, 48.319543411146086], [16.404261141298186, 48.31953372223939], [16.40434386390479, 48.31950282680941], [16.405940718910585, 48.31993467844163], [16.41011479547281, 48.321113576415485], [16.412555984017715, 48.32173795056682], [16.412616349543143, 48.32185223972965], [16.412743550601252, 48.32191342664612], [16.41290844554126, 48.321915239195896], [16.41304140749255, 48.321854306447065], [16.416774067891527, 48.32266135729648], [16.41777897139856, 48.32275832993734], [16.418631213360335, 48.32280358434432], [16.419905013360335, 48.32279168434433], [16.420774560077827, 48.32271470339225], [16.421673425301016, 48.3226095655561], [16.421785021853157, 48.32264498534498], [16.42189018543407, 48.322645892288165], [16.422896178530777, 48.32240191416471], [16.424050776519902, 48.32220381529333], [16.424791232174137, 48.32204503924972], [16.425170709841417, 48.321905233551526], [16.425708143824696, 48.32166441105686], [16.425937987784597, 48.321534054688684], [16.42597843277234, 48.32148970402659], [16.425999670619778, 48.32142719737636], [16.426771821687364, 48.32106366731524], [16.429269393228797, 48.31999658505928], [16.43122169925274, 48.31921392762111], [16.43348666577352, 48.31837715967484], [16.43359002028601, 48.318383858752796], [16.433674926960812, 48.31836857739029], [16.436763705356142, 48.31737677326961], [16.43691768652933, 48.317293287283555], [16.437760125400825, 48.31701946667609], [16.43800147849928, 48.31692414963468], [16.438063219769877, 48.316872389802214], [16.438091060548704, 48.31681810432957], [16.438088522076228, 48.31674752951951], [16.438037487333997, 48.31667559935355], [16.438227866675188, 48.31631489855396], [16.438456908292835, 48.315274248876335], [16.438497735078645, 48.3145208831821], [16.438247987064948, 48.31350261413077], [16.438055769276584, 48.31193268698032], [16.43817738348583, 48.31060108968146], [16.438246332374245, 48.31054599494808], [16.438274025169743, 48.31049436423706], [16.43834411128243, 48.30999379592847], [16.438324729520826, 48.3099079610942], [16.438247113468027, 48.30983759126692], [16.43828533516863, 48.309419088251545], [16.43879470822493, 48.30874009426309], [16.439534129055524, 48.30698093863615], [16.43973087997831, 48.30656265632534], [16.440089712856807, 48.305108566559284], [16.44016203339203, 48.30506365205369], [16.440206982134434, 48.3049998288151], [16.440351494239373, 48.3044342838999], [16.440343740981348, 48.304351278799125], [16.44029131338843, 48.30428686278949], [16.440470077049, 48.303550703466364], [16.440516096813706, 48.302312951824746], [16.440565233596484, 48.30225890688182], [16.440583273498067, 48.30218945747045], [16.44049979196512, 48.30011022539914], [16.440520012523052, 48.29969950525193], [16.440500029520827, 48.2996416610942], [16.44044302575762, 48.29958401987474], [16.440485617906326, 48.29865770779683], [16.440453920603183, 48.29762392289567], [16.440508750236724, 48.29757268833457], [16.44053476107773, 48.297504286022416], [16.440622832052256, 48.29644833442053], [16.440672947610985, 48.2954399], [16.440645048810165, 48.29535973925978], [16.440565311801155, 48.29529545038595], [16.44055272762417, 48.29362308411132], [16.440618959045587, 48.2935647354987], [16.440644874469562, 48.29349631687067], [16.440614575428175, 48.29303100591254], [16.440661347610984, 48.2924382], [16.440640829520824, 48.2923689610942], [16.440583440645018, 48.292311034662475], [16.440601285143725, 48.29205024348805], [16.44199561486583, 48.29140422275385], [16.442792221014383, 48.29105486137375], [16.444139462140434, 48.292544373389106], [16.444217754388564, 48.29259151080941], [16.44431696087724, 48.292614949116185], [16.444421978317873, 48.292611120039695], [16.44451681875711, 48.29258060652214], [16.444572461675854, 48.29254286812407], [16.44461693561851, 48.29247889519628], [16.44462155207804, 48.29240836786122], [16.44459819834878, 48.2923576387732], [16.443196343641574, 48.29080431746115], [16.44324877794094, 48.290778722388445], [16.444806242814188, 48.29249928450565], [16.444884564642177, 48.29254639978057], [16.444983785833603, 48.29256981002948], [16.445088800861512, 48.2925659512542], [16.445183622139872, 48.292535410918276], [16.445239241366362, 48.29249765678764], [16.4452836751511, 48.292433671288215], [16.445290987492044, 48.292380802758736], [16.445264861773847, 48.29231242017482], [16.443729474836275, 48.29061291379941], [16.446094938770706, 48.28944314925327], [16.44654279919417, 48.28923586076594], [16.446611114076116, 48.28917925673754], [16.446640616804338, 48.28910677645402], [16.44671183290345, 48.28907270900072], [16.446830076018966, 48.28907990216585], [16.44692787396513, 48.289057637132736], [16.447390358079492, 48.28884004994305], [16.447455307777904, 48.288784524746966], [16.447483623654495, 48.288716722679894], [16.447583723627332, 48.28867187991428], [16.447675816103615, 48.288674908983225], [16.447775590887368, 48.28865258399358], [16.448242799194173, 48.288430960765936], [16.44838162228305, 48.28833183204916], [16.448469545414827, 48.28831958868663], [16.44857375198727, 48.28828378768105], [16.448673105713453, 48.28821952767981], [16.44873997753479, 48.2881026473882], [16.449691312974544, 48.287670113465914], [16.449836678891884, 48.28764928876459], [16.45037771031581, 48.28740663205107], [16.450436212129553, 48.28737089471357], [16.450485346538674, 48.28730909837328], [16.45063015204843, 48.28724326113807], [16.45072838182872, 48.287237577834], [16.450800698601114, 48.28721606304899], [16.451884552629043, 48.2867493377804], [16.451968930530718, 48.28668855158627], [16.452002479677226, 48.286619319017205], [16.452047486901645, 48.28659885604432], [16.452159186130228, 48.28659995346126], [16.452263723122552, 48.286569511712194], [16.45233557683317, 48.28651796077247], [16.452373734258753, 48.28644528157056], [16.45435848287992, 48.2853506131547], [16.456474470499643, 48.284471794512726], [16.457240027766893, 48.284065243510874], [16.45861331204883, 48.283458614425165], [16.460750382438853, 48.28257111578028], [16.46081160221595, 48.28252154614312], [16.460831740726285, 48.28246328264709], [16.46096658407508, 48.28229806056548], [16.46111960350641, 48.28229270388283], [16.46126449050644, 48.28225023332771], [16.461333919769878, 48.28219418980221], [16.46136486232908, 48.28212099588691], [16.461996378745667, 48.28185216215513], [16.462974126568206, 48.281262554161486], [16.46384354029974, 48.280897265502944], [16.467397053278564, 48.27894762192784], [16.471040187459867, 48.27735560763472], [16.472393541280617, 48.276501746565735], [16.472807764187102, 48.27636906218168], [16.47449560753341, 48.275908729394054], [16.474561904796616, 48.27586089827427], [16.474587220220545, 48.275797815677414], [16.474524685254522, 48.275544941082586], [16.475481855183634, 48.275164495580874], [16.475605962308087, 48.27514338431296], [16.476962022395035, 48.27455715477071], [16.478197547828966, 48.27411044440633], [16.47876068614711, 48.27398466635121], [16.480081734596858, 48.27379241645291], [16.48098100533808, 48.27362251599559], [16.480877520105864, 48.27409337488362], [16.48094438077795, 48.27451461556164], [16.481120943266216, 48.2752608599378], [16.481427643266223, 48.27602825993781], [16.48231289254216, 48.277302742976985], [16.482997943568723, 48.27861406406373], [16.483207093716135, 48.27914815614976], [16.48327363531351, 48.27941137148129], [16.48329910791074, 48.27970275543483], [16.48326780471229, 48.2798997234113], [16.482919193905154, 48.28072571295746], [16.48281967835975, 48.28105215055142], [16.48269036663125, 48.281379333982294], [16.482473601309213, 48.281680225810305], [16.48245361783646, 48.28173359814744], [16.482483259431678, 48.28186908507935], [16.482563546748963, 48.28198909520053], [16.482629566968274, 48.28235999849271], [16.482723951405845, 48.282705497405495], [16.482689645517453, 48.2830399350509], [16.482685239070115, 48.28341680647415], [16.48246579990367, 48.283478227118216], [16.48241284243521, 48.283519787020026], [16.482388626799093, 48.283572003924675], [16.482563294930948, 48.28422335070136], [16.48214706368404, 48.28433761200076], [16.482085685910704, 48.28437099796247], [16.482048056724484, 48.28441762420935], [16.481875937198115, 48.28498174982382], [16.481716177784378, 48.28580393353923], [16.48156185927525, 48.28614719765225], [16.48126401670548, 48.28697086686265], [16.48123911777873, 48.28754710033059], [16.481035888564584, 48.28854375593707], [16.480931320087752, 48.28860366812502], [16.480884850334437, 48.28868876576075], [16.480902506315037, 48.28877314772151], [16.480974863903636, 48.288843026741844], [16.48083157968916, 48.28954768472822], [16.48071907968916, 48.290578384728214], [16.480729317494152, 48.29081501987933], [16.480642596181504, 48.29088374965362], [16.480615944715247, 48.2909541758925], [16.480647252781882, 48.291356258018205], [16.48070613167078, 48.291850697688076], [16.4807586086466, 48.29192723272082], [16.48085993639111, 48.29198032725435], [16.480950993356387, 48.292339307603996], [16.480865671114046, 48.29241008870999], [16.480842346726238, 48.29249660838833], [16.481090306165783, 48.29332804605537], [16.481005194149525, 48.29351771623238], [16.48101256167161, 48.293571184579875], [16.481063812075124, 48.293628527891414], [16.481130624720112, 48.293658058625674], [16.481229352483933, 48.29366700464311], [16.483281061033175, 48.29336787252706], [16.483808067895172, 48.29331068544704], [16.483965962291997, 48.29330959536358], [16.484268770479176, 48.29398703890581], [16.484368047370957, 48.29406823778041], [16.48451661911553, 48.294098728243796], [16.484619859420064, 48.29408525923601], [16.48470756210307, 48.29404629607757], [16.484766375226076, 48.293987770556136], [16.48478734502425, 48.29391859265182], [16.484553472457577, 48.29336557371289], [16.488082497028902, 48.29316726565564], [16.490812058649407, 48.29298063329428], [16.492663400675397, 48.29295127572364], [16.49380752028601, 48.29291625875279], [16.493908163864234, 48.2928957659968], [16.493995789519705, 48.29284550639397], [16.495245777573835, 48.29278626458022], [16.496526652113314, 48.29261501562803], [16.496628749347973, 48.292551929971054], [16.496649704295272, 48.29247289403977], [16.496404279293657, 48.291974442729], [16.49838553111704, 48.29148804501711], [16.500847116496274, 48.29083678967413], [16.50223241992933, 48.290502070412195], [16.502388651404956, 48.29049185750543], [16.502486160965976, 48.29044526043631], [16.503208555404136, 48.29023493162642], [16.504324877570202, 48.289969558033405], [16.507871071577505, 48.28857399234493], [16.51331239091205, 48.28729606766586], [16.513392622994118, 48.28723664367192], [16.513408859362514, 48.28715719080972], [16.513111267893926, 48.28641458446469], [16.51357964793857, 48.28622789671754], [16.513753450312265, 48.28715114411736], [16.513847637286926, 48.287851395240374], [16.513836736219556, 48.28862350507535], [16.51374830910612, 48.289526703752344], [16.51349949871226, 48.29060664673847], [16.513098852389017, 48.29148150000001], [16.5131442793524, 48.29158201931121], [16.513265248595044, 48.29164865750544], [16.513420986130228, 48.29165895346127], [16.513495463864235, 48.291641065996814], [16.513574526289883, 48.291598086255064], [16.51362530376135, 48.291536263833414], [16.514029081069406, 48.290675751655996], [16.514282881069406, 48.289574151656005], [16.514375167440033, 48.28864216456888], [16.514385755706893, 48.28782783104077], [16.51428935818831, 48.28711178663598], [16.51413815818831, 48.28623538663598], [16.514060705796794, 48.28603615582502], [16.514863688253023, 48.285716101656476], [16.514981703488846, 48.28572613992865], [16.515104752629046, 48.285696537780396], [16.515192719769882, 48.28563138980221], [16.515224547610984, 48.2855461], [16.51520030872608, 48.285407651421735], [16.514556908726078, 48.28397285142174], [16.513258307512842, 48.281515166703436], [16.5138185, 48.281536729980104], [16.513945563864237, 48.28151536599681], [16.514013161452446, 48.28148095051258], [16.514067529520826, 48.28142503890581], [16.514119404772558, 48.281299942507076], [16.514118068329218, 48.28123420231192], [16.514039027247055, 48.281138119904924], [16.513974230073963, 48.281107666177526], [16.513880120286007, 48.28108944124721], [16.513743791922245, 48.28110429400343], [16.513635276356627, 48.281163824219774], [16.51283762810438, 48.28112924807618], [16.51171126909207, 48.2806130003915], [16.510763753631608, 48.279470715154964], [16.510498187068073, 48.279100653889245], [16.509228982742677, 48.277518867671105], [16.524154030910022, 48.2763158479758], [16.52425401321365, 48.27629394528298], [16.5243461206476, 48.2762367193112], [16.52438636832922, 48.27617149768808], [16.52438520936741, 48.27609719465852], [16.524342936107246, 48.27603255296713], [16.524271752629044, 48.2759857622196], [16.524194827809293, 48.27596199910717], [16.52409557971399, 48.27595614124721], [16.508967463064874, 48.27717529409299], [16.50854306956211, 48.27651207539837], [16.507998351543073, 48.2755555847884], [16.507515413244548, 48.2746143140728], [16.506951675402355, 48.27370604119596], [16.507896327236576, 48.273578888101305], [16.50909022723658, 48.273325588101315], [16.509388000918026, 48.27322703963476], [16.51095526484985, 48.272462091349375], [16.512466987996692, 48.271765981679], [16.51367429565143, 48.27126374249199], [16.513743198329855, 48.271215854542554], [16.5141757129912, 48.27115377565996], [16.514257527391695, 48.27112066818923], [16.514307558922564, 48.27106604091436], [16.51431057612128, 48.27098944015596], [16.513104010724888, 48.267942618692544], [16.51926543824285, 48.26710537298189], [16.519349582089976, 48.267045518933635], [16.520114382089975, 48.26597821893364], [16.52096453282773, 48.26470359786497], [16.521788095439256, 48.26453189446265], [16.522059111725476, 48.26435460336992], [16.523316112667892, 48.26400000758374], [16.524626701044276, 48.26365789527169], [16.52613724413498, 48.263378788538525], [16.527616136226715, 48.26303158077942], [16.52935424756147, 48.26272002136669], [16.531868978513675, 48.2753276757549], [16.529767166559225, 48.275505439018616], [16.52970021656845, 48.27553371690744], [16.529635274643198, 48.27558924619983], [16.529610247387986, 48.27563961444546], [16.529612528031823, 48.275710193221556], [16.52965487328961, 48.27577481367745], [16.529709253211106, 48.27581337266454], [16.52980306014163, 48.27584529318049], [16.52988153897186, 48.2758519432188], [16.53493600811673, 48.275444259976524], [16.53503596698184, 48.275422309135756], [16.535098466779285, 48.275389763866556], [16.535154990011904, 48.27533023041135], [16.53517326958622, 48.27526070950358], [16.535150522602738, 48.275191785071236], [16.535090212083496, 48.27513395023437], [16.53500151975834, 48.27509600982259], [16.534897948229762, 48.27508373991969], [16.53240424899111, 48.2752844084778], [16.529890808983943, 48.26268314615429], [16.532517035750015, 48.262300050062386], [16.53286000540793, 48.26295600564968], [16.5329517017548, 48.26302006654191], [16.534329162955284, 48.26349128395048], [16.53575978453162, 48.2638730925605], [16.537018122194322, 48.264160321603136], [16.538308927273857, 48.26428945853124], [16.540354317026434, 48.27464186706399], [16.537867616223522, 48.27484372503392], [16.53777134405745, 48.27487214672944], [16.53769860388862, 48.27492313445885], [16.53766046974834, 48.27498892580257], [16.537658300176133, 48.27504200171111], [16.53769100231144, 48.27510909767018], [16.53775946774652, 48.27516268603039], [16.537853273239516, 48.27519460844968], [16.537931751770238, 48.27520126008032], [16.540426038178094, 48.27500054406593], [16.540470993425384, 48.27521684367896], [16.540549743201037, 48.275307616815994], [16.54063926195162, 48.27534467241724], [16.540743092551484, 48.27535591257726], [16.540845427733025, 48.27533962608361], [16.54093068789252, 48.27529829240727], [16.540993890878976, 48.27522127964343], [16.541000378540495, 48.27515081870895], [16.53886677148648, 48.264349033660245], [16.539989496594185, 48.26420910566899], [16.542216496594182, 48.26390110566899], [16.547021682341015, 48.263129714102504], [16.54713757792927, 48.263078261828966], [16.547176620535993, 48.26298875020232], [16.545909534431242, 48.260757319114106], [16.54454500884812, 48.25806291527535], [16.542928193255985, 48.25459079155701], [16.54266290772624, 48.25391752678779], [16.54250236545689, 48.25339081821434], [16.542450352867945, 48.2531286058674], [16.542505440981348, 48.253062021200876], [16.542513522768626, 48.2529803355915], [16.5424716206476, 48.252908980688794], [16.54239685424496, 48.252858901940435], [16.54214934722155, 48.25161139448888], [16.54154870420945, 48.24902564478929], [16.541448802219257, 48.248271877024514], [16.541480665457726, 48.248212796710796], [16.541479368329224, 48.24814690231193], [16.54140830323773, 48.24805626596945], [16.541341921047007, 48.2477203310874], [16.540466708271442, 48.24585528720793], [16.540143788952925, 48.24503878244423], [16.53985090600248, 48.24395044925686], [16.539642882091208, 48.24297169113672], [16.542708540872326, 48.242923605654184], [16.545693300485045, 48.24293376884762], [16.546759880067324, 48.24290249907344], [16.548273246245696, 48.24281849385762], [16.548376576087815, 48.24275742442828], [16.548400563728354, 48.24267943127598], [16.548074916957965, 48.24036675478572], [16.550080079734872, 48.23983079329455], [16.552812063150228, 48.23912780634299], [16.55290504602338, 48.2390791761233], [16.55294125815239, 48.23899063080667], [16.55152888177663, 48.235613926201694], [16.55063598177663, 48.23365892620169], [16.55013250330621, 48.2326423733395], [16.549246912356836, 48.23018532951402], [16.549292168329224, 48.230115497688075], [16.54928946075956, 48.2300367530461], [16.549244773137783, 48.22997284724444], [16.549148888300905, 48.229918721530574], [16.54914132072648, 48.229898163828395], [16.548546899273312, 48.227955315871924], [16.548139573818734, 48.226488945214726], [16.547458000574462, 48.22442416768034], [16.5475121267771, 48.224352677012256], [16.54751506832922, 48.22427330231192], [16.547459063120968, 48.22419381923572], [16.547365856004138, 48.224145022276204], [16.5470976574604, 48.22333253391561], [16.546872965020764, 48.22239414759349], [16.546655013243555, 48.221158529429516], [16.546858767616683, 48.220032329476204], [16.546827480942063, 48.21939896801475], [16.54686544691314, 48.2193170228494], [16.54685196098943, 48.21905046847434], [16.54680514558083, 48.218955422416535], [16.546791219806437, 48.21870246684192], [16.546527419806438, 48.21746576684192], [16.546186240853423, 48.21616607156474], [16.54565144558605, 48.214954105988774], [16.545014545586046, 48.213680905988774], [16.54443135679346, 48.2125809985275], [16.543618209985976, 48.21137079708932], [16.541819171363088, 48.20897275162528], [16.541179248116354, 48.20823333507563], [16.541103279499048, 48.20813246388253], [16.541076346189865, 48.208041507906294], [16.540980516519134, 48.20796945909592], [16.540619069571896, 48.20748952953942], [16.54057665845097, 48.20729685416333], [16.540299758206164, 48.20691658136855], [16.539303664853442, 48.20599443763892], [16.538214751276655, 48.20463940209357], [16.53774706137104, 48.203557459211645], [16.537567199675593, 48.20259643343037], [16.537014422324905, 48.20133047859243], [16.53682235562097, 48.20076997525367], [16.536506207200027, 48.200431727548356], [16.53821727242288, 48.19836751463453], [16.53898853259296, 48.197205910847664], [16.539396014994562, 48.19644323750831], [16.54002018315581, 48.194759105457116], [16.54072057547198, 48.193804602041126], [16.54151447546176, 48.192599086958815], [16.54196810278914, 48.19145022823322], [16.54195127413346, 48.191386195928125], [16.54122483246132, 48.19028549351383], [16.540418526106617, 48.189492428290414], [16.539872555478805, 48.18877963873016], [16.538838562724745, 48.18667124043887], [16.53853721770819, 48.185434145044646], [16.53838666307853, 48.18436532666188], [16.538207686507985, 48.1834749088789], [16.53906685701412, 48.183275374273244], [16.54037720559488, 48.18304145609854], [16.54128296884367, 48.18277001030631], [16.541617848374887, 48.182566794377976], [16.541884461648035, 48.18234731252531], [16.54202165032256, 48.18212947607124], [16.54203669524749, 48.18207454702257], [16.541345085524206, 48.18074263070706], [16.54126364509474, 48.18068318530707], [16.541146308638073, 48.18066532772169], [16.541051043889105, 48.18068730020567], [16.538745143889106, 48.181707500205675], [16.5378214233193, 48.182257018947105], [16.536715065564927, 48.17837787598256], [16.536509310177593, 48.17753453534897], [16.53649985999454, 48.17711846478925], [16.539256523782374, 48.17484671426665], [16.539693475213, 48.17457641141573], [16.540211664259466, 48.17433428036557], [16.540956572146065, 48.173863440090294], [16.541018475817122, 48.17378165841556], [16.540998525237892, 48.173703756103], [16.540917285584403, 48.173646533043645], [16.54080232278938, 48.1736294059501], [16.539352739096703, 48.173801933106965], [16.53768625580519, 48.174193905823415], [16.53664378454835, 48.17441292557797], [16.536871340226792, 48.173547750820234], [16.537969568860344, 48.173253742610186], [16.539042828803908, 48.17294502734201], [16.53953403250506, 48.17286153490149], [16.539966163016732, 48.17295883688004], [16.540811413612236, 48.17354662104851], [16.541318964822338, 48.17366479025641], [16.54139712974619, 48.17365647091038], [16.54191575099811, 48.17352771311781], [16.54264442659455, 48.17343508486404], [16.543293651013116, 48.17339418014927], [16.54444676635306, 48.17308443529179], [16.54392991800259, 48.17402522273651], [16.54380182945906, 48.17477806634621], [16.543670974022753, 48.1749193955886], [16.543264951505673, 48.17500305932396], [16.54186476039114, 48.175185995120685], [16.541536886093255, 48.17532388773541], [16.540976920903137, 48.175725725806544], [16.540749475366855, 48.17602363406001], [16.540737121609258, 48.17608864158587], [16.540847700949847, 48.17663883000096], [16.54153763426179, 48.17704999771726], [16.54163980834133, 48.177081415939625], [16.54243320543369, 48.17701514651591], [16.543403033839144, 48.177011495350776], [16.544047278357166, 48.176962048137646], [16.544541439175834, 48.177036348746455], [16.544875514985964, 48.177172497527145], [16.545093665761243, 48.177365427153326], [16.54523596764784, 48.17777414322456], [16.545627560600845, 48.1779937110849], [16.545695412138627, 48.178017871886624], [16.545809741245236, 48.1780186330945], [16.546429745025375, 48.17785676061123], [16.54745746762053, 48.17798770254186], [16.547939208851606, 48.17794338503155], [16.54871195321561, 48.17751689003999], [16.549591819489102, 48.17715643232756], [16.549964151160207, 48.176804134710636], [16.54997762507559, 48.17672388071455], [16.549833527586358, 48.176220780076626], [16.550199356791747, 48.17477196021026], [16.550710204991926, 48.17397586899962], [16.55115909443078, 48.17309168139045], [16.55110769207422, 48.1725899725967], [16.550834748319016, 48.17167878184778], [16.550782357161136, 48.171628308665504], [16.550406674645686, 48.17140389038644], [16.549727281455233, 48.171266373656245], [16.548665845289516, 48.17132738958727], [16.547599765044357, 48.17119537553643], [16.54705793507375, 48.17126971837326], [16.546929628960257, 48.17132405953178], [16.54705834615264, 48.170775006042895], [16.547590129653827, 48.170006993749986], [16.548156029653825, 48.168525093749984], [16.548531605377512, 48.16715482181351], [16.549752141796333, 48.16669995827846], [16.550408183138543, 48.16609048505359], [16.550415914063244, 48.16601579564387], [16.549988194857754, 48.164669646653515], [16.550066534371755, 48.16452852137238], [16.550356539023674, 48.16427934479125], [16.550848991252597, 48.16401588144737], [16.551346567831565, 48.16384641355465], [16.551412809391778, 48.163810296589595], [16.552188444566283, 48.162998748829736], [16.55316071050484, 48.16217865213069], [16.555292957585905, 48.16214621705819], [16.55562967828343, 48.162053137228185], [16.553838787933014, 48.1635818199551], [16.553795539384456, 48.16366582994686], [16.554023405726987, 48.16420360713587], [16.554104510662025, 48.164277814702785], [16.555675895043414, 48.164597325258136], [16.55648981592195, 48.16457571960519], [16.557468550548474, 48.16439389792259], [16.55800702165999, 48.16420079082503], [16.559551601184015, 48.1628932588211], [16.560154144114044, 48.161918774526804], [16.561667066044766, 48.160548047287456], [16.562349331144986, 48.16081937368753], [16.56261357405973, 48.161100479354474], [16.563053922435923, 48.161664134483864], [16.56358766899022, 48.16212127795497], [16.56403012369304, 48.16231698962899], [16.56519619014548, 48.16264282532764], [16.567186514966878, 48.16351183679314], [16.568120454588314, 48.163747829304924], [16.56903191514918, 48.16371413241863], [16.569572756451972, 48.16362394582346], [16.569796401995852, 48.16361354370514], [16.5699295901052, 48.1636415896423], [16.570182951478202, 48.16381828526589], [16.570430920176566, 48.16387985328142], [16.571142244678153, 48.16385866690301], [16.57317066452488, 48.16330705072955], [16.574507482721017, 48.16256394346409], [16.57540009408316, 48.161805452737354], [16.576103206298757, 48.16081848589035], [16.57632845902167, 48.160254897159604], [16.576588659021674, 48.1592526971596], [16.576574832843946, 48.15889603067991], [16.57614396541692, 48.158251334741536], [16.575837114512023, 48.15758616180442], [16.57557778491887, 48.157174370871665], [16.574866851165343, 48.15629008480297], [16.57411720266126, 48.15562919341604], [16.573763311042228, 48.15542720021578], [16.573612507704034, 48.15525162204346], [16.57400892854656, 48.15515031778926], [16.57408721286434, 48.15511431560418], [16.57413866787204, 48.155032969452556], [16.574123606547463, 48.154603023493266], [16.574552015707525, 48.15443850445248], [16.575014706157173, 48.15423759376999], [16.575462300575452, 48.15393216840886], [16.576157413503232, 48.153309964027926], [16.57670191682428, 48.15274408177946], [16.577237042886363, 48.152079212828575], [16.57764941625704, 48.151355658334936], [16.577715162144024, 48.150431012875885], [16.577181677463635, 48.14443426779433], [16.576661537731425, 48.1370068284003], [16.576515180466572, 48.136163125454985], [16.57622857212993, 48.1351923203963], [16.576173422745804, 48.13512376257742], [16.576071188642732, 48.135086865647175], [16.575955573583954, 48.135093793505526], [16.571632516783946, 48.13625354368626], [16.567772816783947, 48.13731564368626], [16.5662234065509, 48.137758960710435], [16.563712965836633, 48.13841012623285], [16.55932619346267, 48.13949323675092], [16.553719334090186, 48.14069645460852], [16.550669796738674, 48.14129551051598], [16.548263587098823, 48.14179401090768], [16.545617798729044, 48.14239739435926], [16.54386629872905, 48.142869994359266], [16.54291333193392, 48.143209507427294], [16.54102521154126, 48.14404023793019], [16.540093081153096, 48.144526359381665], [16.537710181153095, 48.14611625938166], [16.53059867930213, 48.15098940394914], [16.528099127710583, 48.15278387993037], [16.526406319529173, 48.15384137462179], [16.52554294996679, 48.154355737175514], [16.52395619022186, 48.15511967007644], [16.52132099159379, 48.15631119216428], [16.51646431675216, 48.15832795573081], [16.513792968685422, 48.15878720132305], [16.51011308502969, 48.1581073224834], [16.506845621721492, 48.15748340498804], [16.50137772172149, 48.15654810498804], [16.498418239709473, 48.15607160944832], [16.49834209572524, 48.156084708649026], [16.498279150776156, 48.15611631149974], [16.497833334574263, 48.1565212759962], [16.496129132157158, 48.15720366247462], [16.49459625706117, 48.1580219732493], [16.494037137774484, 48.15725724241392], [16.49395690239538, 48.15721160091169], [16.4938567535373, 48.157190043786564], [16.493751937956045, 48.15719585291544], [16.4936584128737, 48.15722814391112], [16.49356815901865, 48.15731727879911], [16.49356815901865, 48.157422321200876], [16.49416464067618, 48.15825283172151], [16.493434356928436, 48.15864343827897], [16.49262193454171, 48.158233755195056], [16.492168205692764, 48.157938168543204], [16.491885097356448, 48.15769491635435], [16.49053082361528, 48.15664994745597], [16.4899813225472, 48.15617950166189], [16.489707562923194, 48.15597830799002], [16.48921084872444, 48.15564190956245], [16.48827859516678, 48.15507809669782], [16.488190107984718, 48.15504601674001], [16.48791854556365, 48.1550574162818], [16.48720015514118, 48.15516376922505], [16.487048274531947, 48.155160001264996], [16.486944000805828, 48.155195439234056], [16.486867591199843, 48.155263760953396], [16.48470155130037, 48.1556488347133], [16.484595086130227, 48.15561724653873], [16.4844821106053, 48.15561836926106], [16.48437150080583, 48.15565483923406], [16.484299209440195, 48.1557171088452], [16.480396296644557, 48.15635842041164], [16.480505318316855, 48.15617677948446], [16.48050463725339, 48.156098111135], [16.480467154456598, 48.1560516115255], [16.480406043204944, 48.1560182561067], [16.480199028944917, 48.155986007757285], [16.480114447029415, 48.15599320777628], [16.47975229269496, 48.156081461884426], [16.479179071049554, 48.15635924661387], [16.479052006816797, 48.156371092981004], [16.47896154284608, 48.156300826510524], [16.478838348185672, 48.15627056631514], [16.47870846267153, 48.15628292513895], [16.478614439973096, 48.156324065301796], [16.478293228390818, 48.156293677790075], [16.478523431999275, 48.15583254347859], [16.478616624339153, 48.1555804740659], [16.478674166678697, 48.155232593827044], [16.478911579713987, 48.15529975875279], [16.478995910534064, 48.155296404994296], [16.47909224502242, 48.155268078603314], [16.479175719769877, 48.155204989802215], [16.47920624966556, 48.15513743423924], [16.47919594098135, 48.155067178799115], [16.479142869820716, 48.155002120135784], [16.47908319924167, 48.15496726431555], [16.478861440658893, 48.15489054529883], [16.478677279088185, 48.15484911124976], [16.47857621061004, 48.15485197213392], [16.478362330400337, 48.154902787817015], [16.47822238732876, 48.154997108172495], [16.478170787875673, 48.1550628785213], [16.478110831329637, 48.155407620146214], [16.478008862904193, 48.15511024667219], [16.47769036290419, 48.15453334667218], [16.477274793649876, 48.154061245397244], [16.477010986333646, 48.15385725338978], [16.47581678633365, 48.153040453389785], [16.474885600914185, 48.15249783088014], [16.473346919352906, 48.15145609988072], [16.47335746172631, 48.151386710990394], [16.47330732870913, 48.151317003395015], [16.47306369682304, 48.151138209314844], [16.472924059882576, 48.151063658113095], [16.471919801870243, 48.15033495266868], [16.471230424818682, 48.14990430018167], [16.4685175210592, 48.14813579038699], [16.4683054237884, 48.14798023969556], [16.4683196430897, 48.147925571789244], [16.46830075533389, 48.14787275902435], [16.468085194769888, 48.14767700803104], [16.467709017215462, 48.14751331396373], [16.46693332524392, 48.14698547420875], [16.46691779920814, 48.146926251933806], [16.46687467500842, 48.14688323190445], [16.466422970845716, 48.14662914490696], [16.466361431908965, 48.14656901595324], [16.46681899802611, 48.14637233545777], [16.46687386723638, 48.14633244374063], [16.46690269524488, 48.146254044248714], [16.466860061106203, 48.146178532969046], [16.46430370376725, 48.144330933669984], [16.463657371695273, 48.14398013386004], [16.46205417090238, 48.14280110373465], [16.461955209191476, 48.14276802084122], [16.461109059170173, 48.142661665397], [16.459447784920233, 48.14166873104222], [16.458954859900647, 48.14133009764185], [16.4588813941543, 48.14130411524817], [16.45853325119892, 48.14126214576749], [16.456490696754233, 48.13990064538909], [16.455473688322396, 48.13940505081791], [16.454589232768946, 48.13908530990363], [16.45383358249342, 48.13886532622829], [16.453420585900922, 48.1387780048738], [16.45104528162038, 48.13854660417408], [16.450907379015703, 48.13856669278005], [16.44621028298142, 48.138349718262624], [16.4456628941238, 48.13834940251492], [16.443897720925563, 48.13823318262883], [16.441645747788964, 48.138119802192], [16.441739726752427, 48.1379453505413], [16.4417409882117, 48.13785742982029], [16.4416618320839, 48.13776681606742], [16.441596487691495, 48.13773689379096], [16.441505320286012, 48.1377196412472], [16.441375748595043, 48.13773254249456], [16.44126395368877, 48.1377905256272], [16.441132395316355, 48.13800750880728], [16.44110506644162, 48.13809257180899], [16.436235248814253, 48.1378433993171], [16.433322383404377, 48.13774888309556], [16.43295065569356, 48.13295509578497], [16.43297971770329, 48.13187439323874], [16.433083486130226, 48.13187425346126], [16.43316310065807, 48.13185447453903], [16.433242930545884, 48.1318085137929], [16.433294889021646, 48.13173311412736], [16.43354176587469, 48.13167375696355], [16.433623510237098, 48.131612352862525], [16.433682916235487, 48.13139672429231], [16.433478502450374, 48.1310924034151], [16.433566859622342, 48.13106735100035], [16.433884473352737, 48.1311725030123], [16.43396492359417, 48.13116707825826], [16.434035772228913, 48.13114092566395], [16.43410012680315, 48.131072734742496], [16.434132327883354, 48.13087605189234], [16.4342740473152, 48.130772370795306], [16.434366921806706, 48.130625853742785], [16.43438886832922, 48.13033780231192], [16.434332863120968, 48.13025831923573], [16.434237079569932, 48.1302087384678], [16.434280024028443, 48.12984658483113], [16.434293848706243, 48.12935632137289], [16.43425872788311, 48.127673054745706], [16.434231885148094, 48.12733665044266], [16.434342492531176, 48.12553821215729], [16.43447568771597, 48.124745122124715], [16.434693439923535, 48.12421891985404], [16.43569484696277, 48.12257007023469], [16.436486054816587, 48.121337704062384], [16.437210442841454, 48.11997810296887], [16.437222093898303, 48.11992523058899], [16.43720242387768, 48.11987343941792], [16.437154484314302, 48.11983076414762], [16.437085712375865, 48.119803825262714], [16.43694826651387, 48.11980538347308], [16.435074617920048, 48.12028422685708], [16.43407093725571, 48.12044426745963], [16.433956709262496, 48.12040436380435], [16.433840613869773, 48.12040274653874], [16.433730992847806, 48.120435697506664], [16.433655761815718, 48.12049459485314], [16.432697267859428, 48.12058939557701], [16.43135956785943, 48.120767495577006], [16.42949451741938, 48.1210725637536], [16.42889973959552, 48.121197160665915], [16.428814, 48.121187570019906], [16.428728227778812, 48.12119697459681], [16.42829192777881, 48.12129527459681], [16.428044332495528, 48.12138125113514], [16.425443509129604, 48.12202858521641], [16.42447351094591, 48.12232392053005], [16.423010895236445, 48.1228701510742], [16.42274881651894, 48.12252809365967], [16.42228247353129, 48.12176069400898], [16.421664488909716, 48.12125720176991], [16.421078839143785, 48.120846106012856], [16.421424028262898, 48.12015776915273], [16.422062001828294, 48.11936230622331], [16.422074178887755, 48.11929218562619], [16.422054529520825, 48.119237461094194], [16.421999473872052, 48.119181069399225], [16.421932563864235, 48.11914713400319], [16.42183192028601, 48.119126641247206], [16.42173187547234, 48.11913265006619], [16.421638250837805, 48.11916481081857], [16.421570088372096, 48.11921857291258], [16.420934534993723, 48.120005751152355], [16.4206569674638, 48.12055035529458], [16.420586826997148, 48.12051518762952], [16.420512582727714, 48.12050315188169], [16.411986975843135, 48.12023444072869], [16.412586371792795, 48.119143555626465], [16.413017054944884, 48.1182687101643], [16.41301522495273, 48.11820371120048], [16.412958951404473, 48.11814038771873], [16.413016974203508, 48.118051928213774], [16.41302307278295, 48.11798145162402], [16.412993819769877, 48.117921110197784], [16.41294669894358, 48.11787846318415], [16.4127980307103, 48.1178276725686], [16.412703513869772, 48.11782894653873], [16.412619595339624, 48.11785038658097], [16.412526148224877, 48.11791200102353], [16.412402870714658, 48.118088204907636], [16.410547495513967, 48.118023191978395], [16.408330507714027, 48.11777307946139], [16.408253906442514, 48.11777432135248], [16.408153849492074, 48.117811082698566], [16.408104311420175, 48.117865849871905], [16.407298179362957, 48.119570745307435], [16.40697000768, 48.120133103326346], [16.406814913312818, 48.12023665937986], [16.406647056960416, 48.120317344581714], [16.40606528923533, 48.120512813897115], [16.405410216428173, 48.12069881384444], [16.404774149999707, 48.120806201942784], [16.404670447093576, 48.1208619885577], [16.404642715774663, 48.120910139329595], [16.404643782976223, 48.120961757873154], [16.404878302894495, 48.12171788392544], [16.404782934358764, 48.1217932989476], [16.404760046802302, 48.12188588597856], [16.40427815328197, 48.12193994431551], [16.403375861823243, 48.12208573546354], [16.398135888884845, 48.12320070619564], [16.39572532635699, 48.123645062783005], [16.395597133335702, 48.12357042455034], [16.395433213869772, 48.12355774653874], [16.395314800805828, 48.123595339234065], [16.39520505912118, 48.12368750674296], [16.394564235345126, 48.12374221039411], [16.394463807801827, 48.12371280938077], [16.394333193206773, 48.12371443845566], [16.39406561451256, 48.12377088713636], [16.393981501056416, 48.123809163184156], [16.393932857515246, 48.12385377334897], [16.393756318856653, 48.12389212969325], [16.39282196063997, 48.12404114680195], [16.392676372999198, 48.12403715340804], [16.39192875445874, 48.124157760804096], [16.391813046892906, 48.12420544725911], [16.39090974353094, 48.1243817865189], [16.39085215557141, 48.1244196655101], [16.39082120254203, 48.124469639100944], [16.39084181035588, 48.12465406121162], [16.39055869189612, 48.12477898060017], [16.390325623915796, 48.124826183600796], [16.39025374098135, 48.12462177879912], [16.39020416312097, 48.124559519235724], [16.39007404554126, 48.1245011608041], [16.38991755445874, 48.1245011608041], [16.389798893109994, 48.124550742314206], [16.389729811335553, 48.12464499577589], [16.38973143167078, 48.12470959768808], [16.389808483478372, 48.12493091948238], [16.38927242530384, 48.12503948675238], [16.389167013869773, 48.12503944653873], [16.388438210607966, 48.12517855383425], [16.38831605445874, 48.1251837608041], [16.38823194135089, 48.12521247418392], [16.38816277215943, 48.125264342882495], [16.386646493856414, 48.125572729729946], [16.38536492329954, 48.12587959035377], [16.384435796682595, 48.126059662024005], [16.38294616249451, 48.126227320055136], [16.381846474991466, 48.126315207906174], [16.381749928282936, 48.12629215603644], [16.381668745024662, 48.126292312139185], [16.379323645024662, 48.12653671213919], [16.37857635445874, 48.126661760804105], [16.37843872054849, 48.126726609286145], [16.378162875692862, 48.12677242618008], [16.376293727536968, 48.126927676964506], [16.37360789823162, 48.1270302223158], [16.371536482191193, 48.127154513239084], [16.37037688097002, 48.127360776423416], [16.36925840804168, 48.12752944752466], [16.36743911358358, 48.12783513444185], [16.367372297431206, 48.12786169451804], [16.36731757828642, 48.127915233219206], [16.367308409091113, 48.12805920328438], [16.365814082856616, 48.12827399120886], [16.365736557443952, 48.128312078211636], [16.365693978928128, 48.12836988587568], [16.365691871695546, 48.12842163506473], [16.365732276862307, 48.12852577988629], [16.365178882184274, 48.128584817882704], [16.36494497309612, 48.12857627738765], [16.364931401145704, 48.12841323562472], [16.364855801145705, 48.12808403562472], [16.364791552917424, 48.127923880084865], [16.364730894315517, 48.12782921124101], [16.364569463864235, 48.1277251340032], [16.36446882028601, 48.12770464124721], [16.364367076312337, 48.12771097795387], [16.364292647370956, 48.1277342622196], [16.3642199871167, 48.12778248593409], [16.364172852389018, 48.1278847], [16.36419221994441, 48.12795204422663], [16.364273013688077, 48.12802721777241], [16.364325269825397, 48.12814905331293], [16.36439654821708, 48.12845943488096], [16.364406723327278, 48.12860213395025], [16.363677309790358, 48.12867332699813], [16.361918363823328, 48.128879587438256], [16.359582761831412, 48.12906574921337], [16.357971247128905, 48.12927552675273], [16.357612931785415, 48.12935584472583], [16.357418851208585, 48.129422083077934], [16.357275050811626, 48.129537170821656], [16.35706828716056, 48.129668731679715], [16.355347798737206, 48.13038318509165], [16.35531365447457, 48.13016832667201], [16.355251206287548, 48.1300457912801], [16.355259758813222, 48.129474801991826], [16.355275936488546, 48.12942877158966], [16.355396100077137, 48.129330912213156], [16.355588022737336, 48.12900308372438], [16.355783429520827, 48.1287355389058], [16.355803638121728, 48.12867496774006], [16.35577793402236, 48.12858875239013], [16.35569471754409, 48.128520850487654], [16.355586986130227, 48.12848884653873], [16.35545615445874, 48.1284931608041], [16.355363400805828, 48.12852643923406], [16.355296680230122, 48.128581010197784], [16.355096970232786, 48.12885365934233], [16.354917019413232, 48.129157085981056], [16.354786969088234, 48.12926170666153], [16.354731853796984, 48.12940085715593], [16.35470625722755, 48.12953948408376], [16.35471310849598, 48.130082291420976], [16.35478565102425, 48.13024755761233], [16.354830786191275, 48.13060478368089], [16.354432691007908, 48.1307352236099], [16.352103291007907, 48.1317665236099], [16.35127707695136, 48.13223228414888], [16.3507963019204, 48.132462958742614], [16.350638852016758, 48.13250145721317], [16.3499040140173, 48.132590925631575], [16.348777881146084, 48.132824288926514], [16.34775361656878, 48.1330784845008], [16.34761290116246, 48.13310221962958], [16.347221147859425, 48.13313894863245], [16.346689100056206, 48.133134153910156], [16.346254382216102, 48.13316186080282], [16.346142687952465, 48.13266400446438], [16.346266454722894, 48.13260100806611], [16.346614771159665, 48.13254801425094], [16.346795904273332, 48.13248673615091], [16.346946966504586, 48.13238058134636], [16.34701393578726, 48.13228747374723], [16.34707883624923, 48.132139878969035], [16.347074975207168, 48.132032250537335], [16.347037746763803, 48.131930991596036], [16.346922446763802, 48.131675791596045], [16.346777503192456, 48.13141852175856], [16.34678494740004, 48.13114167364315], [16.346764429520828, 48.1310726610942], [16.34670599894358, 48.13101396318415], [16.34664216635969, 48.13098222742419], [16.34654148466506, 48.13096181920127], [16.34643715445874, 48.1309687608041], [16.346324801056422, 48.13101396318415], [16.346257361329528, 48.131089595450234], [16.34622919137373, 48.13127282887274], [16.34624093186482, 48.131463936966405], [16.34640923919022, 48.13178675337765], [16.34653951251735, 48.132099594919254], [16.34647285200776, 48.13219570109543], [16.346058707967696, 48.132264125992464], [16.345824082832316, 48.13236198187338], [16.345692580744483, 48.132461983149895], [16.34563488262721, 48.13253640726354], [16.345611720897246, 48.132585351175145], [16.345603189357508, 48.13271046515354], [16.34572900220692, 48.13325237291138], [16.34075991366851, 48.13443151274005], [16.340790139206465, 48.1340957617347], [16.34074253930826, 48.13382473754314], [16.340650939308258, 48.13356423754313], [16.3404816194697, 48.13326252352992], [16.3402831194697, 48.13302272352992], [16.34003210611801, 48.132789309948244], [16.339708728125387, 48.13256458493887], [16.339303539759268, 48.132358757825074], [16.33891053263537, 48.132222385841985], [16.338518295944443, 48.13211895609942], [16.338136851404958, 48.13199234249457], [16.338052017858814, 48.13197898829429], [16.33795545445874, 48.1319863608041], [16.33783743930004, 48.132035479958205], [16.33777351647513, 48.13211222456889], [16.337771037933532, 48.132200133625844], [16.33784310105642, 48.132287436815844], [16.338289963565888, 48.13244686574755], [16.338675975010773, 48.132548322887004], [16.339015918423367, 48.13266562023838], [16.3393513675788, 48.132836198353345], [16.339607811737846, 48.13301291005026], [16.339819930113595, 48.13320820085332], [16.340000636717516, 48.13342650535519], [16.340130191338833, 48.13365854077093], [16.340214167854665, 48.133897360447506], [16.340251697816264, 48.13412004416263], [16.340198097410777, 48.134544476064896], [16.33935898719179, 48.13471319435836], [16.339480224560766, 48.13404906637486], [16.339481369661986, 48.13383214907444], [16.339439381736888, 48.13360263383231], [16.33937884098135, 48.133424178799125], [16.339321142472734, 48.13335558172183], [16.339187148017892, 48.133301319694446], [16.33904265445874, 48.1333035608041], [16.338912536879032, 48.13336191923573], [16.338852650334438, 48.13345896576075], [16.33892909207104, 48.133758809978055], [16.338944162140827, 48.133976249631054], [16.33892025204721, 48.13419335960137], [16.33883883034866, 48.13453940345167], [16.338825671017776, 48.13482042722566], [16.333059991298327, 48.13597970893245], [16.331289246388575, 48.13638467962102], [16.329098935178624, 48.13683548389411], [16.32899344665708, 48.13681287639618], [16.32888825445874, 48.1368197608041], [16.32879550080583, 48.13685303923406], [16.328726847497887, 48.136910353148096], [16.327862827422454, 48.137068681160954], [16.327752141794022, 48.13703680649101], [16.32762635445874, 48.137041760804095], [16.327529663619167, 48.13707725055797], [16.327457473308414, 48.13714296058247], [16.32713093194891, 48.137203494918126], [16.327054744525547, 48.137238396979846], [16.325429960901978, 48.13753548691205], [16.324859935496086, 48.13761730094275], [16.325149514342527, 48.13661457512366], [16.325248237551126, 48.13656731542173], [16.325307710427527, 48.13649101195749], [16.325416160434532, 48.13601770800337], [16.32568486832922, 48.13538769768808], [16.325677944237402, 48.13529879192454], [16.325609897562092, 48.13522366182523], [16.325473086130227, 48.13517494653874], [16.32534225445874, 48.13517926080411], [16.325229901056417, 48.13522446318416], [16.325137940442737, 48.13532649449231], [16.324958600115174, 48.13575800556012], [16.32463372524411, 48.135312291298334], [16.323069646902226, 48.13287678361208], [16.322894147328586, 48.13265264207336], [16.320356734288406, 48.12778091682437], [16.319625734410803, 48.126489543154925], [16.319208389391868, 48.12566689363532], [16.31926346832922, 48.12558779768808], [16.31925704098135, 48.12549997879912], [16.31918969894358, 48.125424563184154], [16.31908341077695, 48.125380794067475], [16.318679968271493, 48.124497580232806], [16.318629696541592, 48.12445661049588], [16.318540548732944, 48.124428518501105], [16.31846147549628, 48.12442872943326], [16.318388571638195, 48.12444928397019], [16.318244733650413, 48.12457701744752], [16.31812539059095, 48.12472898025392], [16.317438427694412, 48.12469506800941], [16.31735410021261, 48.124702973487686], [16.315688916994937, 48.125269993892715], [16.315484970991456, 48.125184777505616], [16.315370186191206, 48.12517475812042], [16.314923355522627, 48.12525318737978], [16.3146914740773, 48.12531707320827], [16.314291467041055, 48.125492213920175], [16.31419350123837, 48.12545639356265], [16.314084586746137, 48.125451756228024], [16.313780417318252, 48.12461573343862], [16.313235756522673, 48.12292806192077], [16.312888260476857, 48.12126807937841], [16.3127520810955, 48.120039849391404], [16.31279418771806, 48.119630853875975], [16.312745710744974, 48.11954628243825], [16.312666475604072, 48.11950831978948], [16.312281275604068, 48.11940601978949], [16.31181230291308, 48.11930961291549], [16.31088777442449, 48.1193642996706], [16.309574459033477, 48.11950600681815], [16.30878770163225, 48.11987684075929], [16.308021202955352, 48.12004132279107], [16.30708836020637, 48.12046279849923], [16.30509958932917, 48.121478914022994], [16.30469362243114, 48.121645539909196], [16.30421572243114, 48.121897839909195], [16.303910713352643, 48.122090971175176], [16.303453218769175, 48.12234697204616], [16.30288292455128, 48.122722030405676], [16.299516088683518, 48.11942259658705]]]}}]}